flight_id,airline,source,destination,route,departure_time,arrival_time,departure_date,arrival_date,departure_hour,arrival_hour,departure_day,duration_minutes,duration_hours,is_overnight,data_quality_flag
SJ010,SPICEJET,CCU,MAA,CCU → MAA,2026-04-20 23:38:41.701,2026-04-21 02:32:41.701,2026-04-20,2026-04-21,23,2,Monday,174.0,2.9,True,VALID
AI155,AIR INDIA,BOM,CCU,BOM → CCU,2026-04-20 23:35:41.703,2026-04-21 01:23:41.703,2026-04-20,2026-04-21,23,1,Monday,108.0,1.8,True,VALID
UK094,VISTARA,BOM,CCU,BOM → CCU,2026-04-20 23:26:41.702,2026-04-21 01:11:41.702,2026-04-20,2026-04-21,23,1,Monday,105.0,1.75,True,VALID
AI245,AIR INDIA,BOM,CCU,BOM → CCU,2026-04-20 23:07:41.704,2026-04-21 01:43:41.704,2026-04-20,2026-04-21,23,1,Monday,156.0,2.6,True,VALID
AI192,AIR INDIA,MAA,BOM,MAA → BOM,2026-04-20 23:05:41.703,2026-04-21 04:04:41.703,2026-04-20,2026-04-21,23,4,Monday,299.0,4.983333333333333,True,VALID
SJ158,SPICEJET,DEL,HYD,DEL → HYD,2026-04-20 23:05:41.703,2026-04-21 01:24:41.703,2026-04-20,2026-04-21,23,1,Monday,139.0,2.316666666666667,True,VALID
6F196,INDIGO,CCU,MAA,CCU → MAA,2026-04-20 23:04:41.703,2026-04-21 00:47:41.703,2026-04-20,2026-04-21,23,0,Monday,103.0,1.7166666666666666,True,VALID
AI080,AIR INDIA,BOM,HYD,BOM → HYD,2026-04-20 23:03:41.702,2026-04-21 00:35:41.702,2026-04-20,2026-04-21,23,0,Monday,92.0,1.5333333333333334,True,VALID
6F025,INDIGO,BLR,BOM,BLR → BOM,2026-04-20 23:02:41.701,2026-04-20 23:57:41.701,2026-04-20,2026-04-20,23,23,Monday,55.0,0.9166666666666666,False,VALID
6F251,UNKNOWN,DEL,BLR,DEL → BLR,2026-04-20 22:56:41.703,2026-04-20 23:37:41.703,2026-04-20,2026-04-20,22,23,Monday,41.0,0.6833333333333333,False,VALID
AI137,AIR INDIA,BOM,DEL,BOM → DEL,2026-04-20 22:49:41.702,2026-04-21 01:17:41.702,2026-04-20,2026-04-21,22,1,Monday,148.0,2.466666666666667,True,VALID
6F026,INDIGO,BOM,CCU,BOM → CCU,2026-04-20 22:46:42.000,2026-04-21 03:13:42.000,2026-04-20,2026-04-21,22,3,Monday,267.0,4.45,True,VALID
UK167,VISTARA,DEL,MAA,DEL → MAA,2026-04-20 22:45:41.703,2026-04-21 01:46:41.703,2026-04-20,2026-04-21,22,1,Monday,181.0,3.0166666666666666,True,VALID
UK027,VISTARA,BOM,CCU,BOM → CCU,2026-04-20 22:44:41.701,2026-04-21 01:05:41.701,2026-04-20,2026-04-21,22,1,Monday,141.0,2.35,True,VALID
AI069,UNKNOWN,DEL,BOM,DEL → BOM,2026-04-20 22:43:41.702,2026-04-21 02:29:41.702,2026-04-20,2026-04-21,22,2,Monday,226.0,3.7666666666666666,True,VALID
AI058,AIR INDIA,BOM,CCU,BOM → CCU,2026-04-20 22:40:41.701,2026-04-21 00:18:41.701,2026-04-20,2026-04-21,22,0,Monday,98.0,1.6333333333333333,True,VALID
AI140,AIR INDIA,BOM,DEL,BOM → DEL,2026-04-20 22:25:41.702,2026-04-21 02:08:41.702,2026-04-20,2026-04-21,22,2,Monday,223.0,3.716666666666667,True,VALID
SJ239,SPICEJET,BOM,CCU,BOM → CCU,2026-04-20 22:24:41.704,2026-04-21 00:10:41.704,2026-04-20,2026-04-21,22,0,Monday,106.0,1.7666666666666666,True,VALID
6F099,INDIGO,MAA,DEL,MAA → DEL,2026-04-20 22:24:41.702,2026-04-20 22:59:41.702,2026-04-20,2026-04-20,22,22,Monday,35.0,0.5833333333333334,False,VALID
AI048,AIR INDIA,CCU,DEL,CCU → DEL,2026-04-20 22:23:41.701,2026-04-21 02:15:41.701,2026-04-20,2026-04-21,22,2,Monday,232.0,3.8666666666666667,True,VALID
SJ112,SPICEJET,HYD,DEL,HYD → DEL,2026-04-20 22:20:41.702,2026-04-21 00:40:41.702,2026-04-20,2026-04-21,22,0,Monday,140.0,2.3333333333333335,True,VALID
6F164,INDIGO,BLR,BOM,BLR → BOM,2026-04-20 22:18:41.703,2026-04-21 00:45:41.703,2026-04-20,2026-04-21,22,0,Monday,147.0,2.45,True,VALID
UK021,VISTARA,HYD,MAA,HYD → MAA,2026-04-20 22:00:41.701,2026-04-20 23:50:41.701,2026-04-20,2026-04-20,22,23,Monday,110.0,1.8333333333333333,False,VALID
SJ172,SPICEJET,CCU,DEL,CCU → DEL,2026-04-20 21:58:41.703,2026-04-21 01:14:41.703,2026-04-20,2026-04-21,21,1,Monday,196.0,3.2666666666666666,True,VALID
AI060,AIR INDIA,DEL,HYD,DEL → HYD,2026-04-20 21:58:41.701,2026-04-20 23:51:41.701,2026-04-20,2026-04-20,21,23,Monday,113.0,1.8833333333333333,False,VALID
SJ205,SPICEJET,HYD,CCU,HYD → CCU,2026-04-20 21:56:41.703,2026-04-20 23:00:41.703,2026-04-20,2026-04-20,21,23,Monday,64.0,1.0666666666666667,False,VALID
SJ093,SPICEJET,BLR,BOM,BLR → BOM,2026-04-20 21:55:41.702,2026-04-20 23:01:41.702,2026-04-20,2026-04-20,21,23,Monday,66.0,1.1,False,VALID
6F195,INDIGO,CCU,DEL,CCU → DEL,2026-04-20 21:44:41.703,2026-04-20 22:39:41.703,2026-04-20,2026-04-20,21,22,Monday,55.0,0.9166666666666666,False,VALID
UK003,UNKNOWN,HYD,DEL,HYD → DEL,2026-04-20 21:41:41.700,2026-04-21 02:19:41.700,2026-04-20,2026-04-21,21,2,Monday,278.0,4.633333333333334,True,VALID
UK026,VISTARA,HYD,MAA,HYD → MAA,2026-04-20 21:38:41.701,2026-04-20 23:44:41.701,2026-04-20,2026-04-20,21,23,Monday,126.0,2.1,False,VALID
6F174,INDIGO,DEL,HYD,DEL → HYD,2026-04-20 21:36:41.703,2026-04-20 22:16:41.703,2026-04-20,2026-04-20,21,22,Monday,40.0,0.6666666666666666,False,VALID
UK067,VISTARA,BOM,CCU,BOM → CCU,2026-04-20 21:36:41.701,2026-04-21 01:02:41.701,2026-04-20,2026-04-21,21,1,Monday,206.0,3.433333333333333,True,VALID
SJ149,SPICEJET,HYD,MAA,HYD → MAA,2026-04-20 21:20:41.702,2026-04-20 23:20:42.000,2026-04-20,2026-04-20,21,23,Monday,120.00496666666666,2.0000827777777777,False,VALID
6F213,INDIGO,BLR,BOM,BLR → BOM,2026-04-20 21:05:41.703,2026-04-21 00:32:41.703,2026-04-20,2026-04-21,21,0,Monday,207.0,3.45,True,VALID
UK200,VISTARA,CCU,DEL,CCU → DEL,2026-04-20 20:54:41.703,2026-04-20 22:45:41.703,2026-04-20,2026-04-20,20,22,Monday,111.0,1.85,False,VALID
SJ214,SPICEJET,BOM,MAA,BOM → MAA,2026-04-20 20:54:41.703,2026-04-20 22:10:41.703,2026-04-20,2026-04-20,20,22,Monday,76.0,1.2666666666666666,False,VALID
SJ047,SPICEJET,HYD,BOM,HYD → BOM,2026-04-20 20:44:41.701,2026-04-20 21:21:41.701,2026-04-20,2026-04-20,20,21,Monday,37.0,0.6166666666666667,False,VALID
AI179,AIR INDIA,HYD,BOM,HYD → BOM,2026-04-20 20:41:41.703,2026-04-21 01:19:41.703,2026-04-20,2026-04-21,20,1,Monday,278.0,4.633333333333334,True,VALID
SJ153,SPICEJET,DEL,CCU,DEL → CCU,2026-04-20 20:37:41.702,2026-04-20 22:00:41.702,2026-04-20,2026-04-20,20,22,Monday,83.0,1.3833333333333333,False,VALID
6F236,INDIGO,BOM,DEL,BOM → DEL,2026-04-20 20:35:41.704,2026-04-20 23:54:41.704,2026-04-20,2026-04-20,20,23,Monday,199.0,3.316666666666667,False,VALID
UK059,VISTARA,HYD,MAA,HYD → MAA,2026-04-20 20:33:41.701,2026-04-20 22:10:41.701,2026-04-20,2026-04-20,20,22,Monday,97.0,1.6166666666666667,False,VALID
SJ001,SPICEJET,BOM,MAA,BOM → MAA,2026-04-20 20:28:41.700,2026-04-21 01:15:41.700,2026-04-20,2026-04-21,20,1,Monday,287.0,4.783333333333333,True,VALID
SJ049,SPICEJET,CCU,DEL,CCU → DEL,2026-04-20 20:26:41.701,2026-04-21 00:26:41.701,2026-04-20,2026-04-21,20,0,Monday,240.0,4.0,True,VALID
6F086,INDIGO,MAA,HYD,MAA → HYD,2026-04-20 20:23:41.702,2026-04-20 21:00:41.702,2026-04-20,2026-04-20,20,21,Monday,37.0,0.6166666666666667,False,VALID
AI220,AIR INDIA,BOM,DEL,BOM → DEL,2026-04-20 20:19:41.703,2026-04-20 21:57:41.703,2026-04-20,2026-04-20,20,21,Monday,98.0,1.6333333333333333,False,VALID
AI188,AIR INDIA,CCU,HYD,CCU → HYD,2026-04-20 20:16:41.703,2026-04-20 23:02:41.703,2026-04-20,2026-04-20,20,23,Monday,166.0,2.7666666666666666,False,VALID
6F114,INDIGO,BOM,MAA,BOM → MAA,2026-04-20 20:10:41.702,2026-04-20 21:00:41.702,2026-04-20,2026-04-20,20,21,Monday,50.0,0.8333333333333334,False,VALID
SJ179,SPICEJET,DEL,HYD,DEL → HYD,2026-04-20 20:09:41.703,2026-04-20 23:39:41.703,2026-04-20,2026-04-20,20,23,Monday,210.0,3.5,False,VALID
6F190,INDIGO,DEL,MAA,DEL → MAA,2026-04-20 20:02:41.703,2026-04-21 00:36:41.703,2026-04-20,2026-04-21,20,0,Monday,274.0,4.566666666666666,True,VALID
SJ003,SPICEJET,MAA,CCU,MAA → CCU,2026-04-20 19:50:41.701,2026-04-20 20:32:41.701,2026-04-20,2026-04-20,19,20,Monday,42.0,0.7,False,VALID
6F028,INDIGO,HYD,CCU,HYD → CCU,2026-04-20 19:49:41.701,2026-04-20 21:49:41.701,2026-04-20,2026-04-20,19,21,Monday,120.0,2.0,False,VALID
UK036,VISTARA,CCU,BLR,CCU → BLR,2026-04-20 19:48:41.701,2026-04-21 00:12:41.701,2026-04-20,2026-04-21,19,0,Monday,264.0,4.4,True,VALID
SJ160,SPICEJET,MAA,BLR,MAA → BLR,2026-04-20 19:45:41.703,2026-04-20 20:30:41.703,2026-04-20,2026-04-20,19,20,Monday,45.0,0.75,False,VALID
6F151,INDIGO,CCU,HYD,CCU → HYD,2026-04-20 19:44:41.703,2026-04-20 22:04:41.703,2026-04-20,2026-04-20,19,22,Monday,140.0,2.3333333333333335,False,VALID
UK140,VISTARA,MAA,BLR,MAA → BLR,2026-04-20 19:37:41.703,2026-04-20 21:00:41.703,2026-04-20,2026-04-20,19,21,Monday,83.0,1.3833333333333333,False,VALID
AI115,AIR INDIA,MAA,BLR,MAA → BLR,2026-04-20 19:37:41.702,2026-04-21 00:26:41.702,2026-04-20,2026-04-21,19,0,Monday,289.0,4.816666666666666,True,VALID
AI132,AIR INDIA,BLR,BOM,BLR → BOM,2026-04-20 19:32:41.702,2026-04-20 21:41:41.702,2026-04-20,2026-04-20,19,21,Monday,129.0,2.15,False,VALID
UK209,UNKNOWN,MAA,BLR,MAA → BLR,2026-04-20 19:02:41.704,2026-04-20 21:47:41.704,2026-04-20,2026-04-20,19,21,Monday,165.0,2.75,False,VALID
SJ043,UNKNOWN,MAA,DEL,MAA → DEL,2026-04-20 18:59:41.701,2026-04-20 21:08:41.701,2026-04-20,2026-04-20,18,21,Monday,129.0,2.15,False,VALID
UK176,VISTARA,HYD,BLR,HYD → BLR,2026-04-20 18:41:41.703,2026-04-20 22:49:41.703,2026-04-20,2026-04-20,18,22,Monday,248.0,4.133333333333334,False,VALID
UK216,VISTARA,MAA,HYD,MAA → HYD,2026-04-20 18:33:41.704,2026-04-20 21:47:41.704,2026-04-20,2026-04-20,18,21,Monday,194.0,3.2333333333333334,False,VALID
UK150,VISTARA,DEL,CCU,DEL → CCU,2026-04-20 18:31:41.703,2026-04-20 19:01:41.703,2026-04-20,2026-04-20,18,19,Monday,30.0,0.5,False,VALID
UK145,VISTARA,BOM,HYD,BOM → HYD,2026-04-20 18:30:41.703,2026-04-20 20:41:41.703,2026-04-20,2026-04-20,18,20,Monday,131.0,2.183333333333333,False,VALID
6F270,UNKNOWN,HYD,MAA,HYD → MAA,2026-04-20 18:14:41.701,2026-04-20 19:02:41.701,2026-04-20,2026-04-20,18,19,Monday,48.0,0.8,False,VALID
6F012,INDIGO,CCU,HYD,CCU → HYD,2026-04-20 18:06:41.701,2026-04-20 21:31:41.701,2026-04-20,2026-04-20,18,21,Monday,205.0,3.4166666666666665,False,VALID
SJ236,SPICEJET,MAA,BOM,MAA → BOM,2026-04-20 18:03:41.704,2026-04-20 22:02:41.704,2026-04-20,2026-04-20,18,22,Monday,239.0,3.9833333333333334,False,VALID
6F149,INDIGO,BLR,CCU,BLR → CCU,2026-04-20 17:57:41.703,2026-04-20 20:42:41.703,2026-04-20,2026-04-20,17,20,Monday,165.0,2.75,False,VALID
UK004,VISTARA,BOM,CCU,BOM → CCU,2026-04-20 17:56:41.700,2026-04-20 18:30:41.700,2026-04-20,2026-04-20,17,18,Monday,34.0,0.5666666666666667,False,VALID
UK010,VISTARA,MAA,HYD,MAA → HYD,2026-04-20 17:53:41.701,2026-04-20 20:40:41.701,2026-04-20,2026-04-20,17,20,Monday,167.0,2.783333333333333,False,VALID
UK215,VISTARA,BOM,DEL,BOM → DEL,2026-04-20 17:38:41.704,2026-04-20 19:50:41.704,2026-04-20,2026-04-20,17,19,Monday,132.0,2.2,False,VALID
SJ116,SPICEJET,HYD,CCU,HYD → CCU,2026-04-20 17:33:41.702,2026-04-20 19:02:41.702,2026-04-20,2026-04-20,17,19,Monday,89.0,1.4833333333333334,False,VALID
SJ023,SPICEJET,HYD,MAA,HYD → MAA,2026-04-20 17:27:41.701,2026-04-20 19:09:41.701,2026-04-20,2026-04-20,17,19,Monday,102.0,1.7,False,VALID
UK152,VISTARA,BOM,CCU,BOM → CCU,2026-04-20 17:24:41.703,2026-04-20 20:13:41.703,2026-04-20,2026-04-20,17,20,Monday,169.0,2.816666666666667,False,VALID
SJ202,SPICEJET,CCU,HYD,CCU → HYD,2026-04-20 17:21:41.703,2026-04-20 19:08:41.703,2026-04-20,2026-04-20,17,19,Monday,107.0,1.7833333333333334,False,VALID
6F043,INDIGO,BOM,HYD,BOM → HYD,2026-04-20 17:17:41.701,2026-04-20 18:43:41.701,2026-04-20,2026-04-20,17,18,Monday,86.0,1.4333333333333333,False,VALID
UK173,VISTARA,MAA,BLR,MAA → BLR,2026-04-20 17:06:41.703,2026-04-20 21:22:41.703,2026-04-20,2026-04-20,17,21,Monday,256.0,4.266666666666667,False,VALID
SJ081,SPICEJET,BOM,BLR,BOM → BLR,2026-04-20 17:04:41.702,2026-04-20 18:53:41.702,2026-04-20,2026-04-20,17,18,Monday,109.0,1.8166666666666667,False,VALID
UK153,VISTARA,CCU,HYD,CCU → HYD,2026-04-20 16:52:41.703,2026-04-20 20:53:41.703,2026-04-20,2026-04-20,16,20,Monday,241.0,4.016666666666667,False,VALID
UK187,VISTARA,BLR,BOM,BLR → BOM,2026-04-20 16:52:41.703,2026-04-20 18:42:41.703,2026-04-20,2026-04-20,16,18,Monday,110.0,1.8333333333333333,False,VALID
UK055,VISTARA,HYD,DEL,HYD → DEL,2026-04-20 16:48:41.701,2026-04-20 19:31:41.701,2026-04-20,2026-04-20,16,19,Monday,163.0,2.716666666666667,False,VALID
UK181,VISTARA,MAA,DEL,MAA → DEL,2026-04-20 16:44:41.703,2026-04-20 19:26:41.703,2026-04-20,2026-04-20,16,19,Monday,162.0,2.7,False,VALID
UK074,VISTARA,BOM,DEL,BOM → DEL,2026-04-20 16:44:41.702,2026-04-20 18:41:41.702,2026-04-20,2026-04-20,16,18,Monday,117.0,1.95,False,VALID
SJ068,SPICEJET,BLR,BOM,BLR → BOM,2026-04-20 16:44:41.701,2026-04-20 18:48:41.701,2026-04-20,2026-04-20,16,18,Monday,124.0,2.066666666666667,False,VALID
AI242,UNKNOWN,BLR,CCU,BLR → CCU,2026-04-20 16:41:41.704,2026-04-20 17:43:41.704,2026-04-20,2026-04-20,16,17,Monday,62.0,1.0333333333333334,False,VALID
AI242,UNKNOWN,BLR,CCU,BLR → CCU,2026-04-20 16:41:41.704,2026-04-20 17:43:41.704,2026-04-20,2026-04-20,16,17,Monday,62.0,1.0333333333333334,False,VALID
SJ237,SPICEJET,BOM,CCU,BOM → CCU,2026-04-20 16:32:41.704,2026-04-20 19:00:41.704,2026-04-20,2026-04-20,16,19,Monday,148.0,2.466666666666667,False,VALID
6F194,INDIGO,BOM,CCU,BOM → CCU,2026-04-20 16:29:41.703,2026-04-20 18:27:41.703,2026-04-20,2026-04-20,16,18,Monday,118.0,1.9666666666666666,False,VALID
UK063,VISTARA,DEL,BOM,DEL → BOM,2026-04-20 16:29:41.701,2026-04-20 17:41:41.701,2026-04-20,2026-04-20,16,17,Monday,72.0,1.2,False,VALID
UK068,VISTARA,BLR,MAA,BLR → MAA,2026-04-20 16:28:41.701,2026-04-20 18:09:41.701,2026-04-20,2026-04-20,16,18,Monday,101.0,1.6833333333333333,False,VALID
UK224,UNKNOWN,CCU,MAA,CCU → MAA,2026-04-20 16:25:41.704,2026-04-20 20:24:41.704,2026-04-20,2026-04-20,16,20,Monday,239.0,3.9833333333333334,False,VALID
UK077,UNKNOWN,HYD,BOM,HYD → BOM,2026-04-20 16:22:41.702,2026-04-20 18:00:41.702,2026-04-20,2026-04-20,16,18,Monday,98.0,1.6333333333333333,False,VALID
UK207,VISTARA,MAA,CCU,MAA → CCU,2026-04-20 16:21:41.703,2026-04-20 17:36:41.703,2026-04-20,2026-04-20,16,17,Monday,75.0,1.25,False,VALID
AI221,AIR INDIA,MAA,HYD,MAA → HYD,2026-04-20 16:18:41.703,2026-04-20 18:54:41.703,2026-04-20,2026-04-20,16,18,Monday,156.0,2.6,False,VALID
UK109,VISTARA,BLR,BOM,BLR → BOM,2026-04-20 16:06:41.702,2026-04-20 17:06:42.000,2026-04-20,2026-04-20,16,17,Monday,60.00496666666666,1.0000827777777777,False,VALID
UK089,VISTARA,BOM,HYD,BOM → HYD,2026-04-20 15:38:41.702,2026-04-20 19:50:41.702,2026-04-20,2026-04-20,15,19,Monday,252.0,4.2,False,VALID
AI072,AIR INDIA,BLR,CCU,BLR → CCU,2026-04-20 15:34:41.702,2026-04-20 16:32:41.702,2026-04-20,2026-04-20,15,16,Monday,58.0,0.9666666666666667,False,VALID
UK131,VISTARA,BOM,DEL,BOM → DEL,2026-04-20 15:33:41.702,2026-04-20 19:39:41.702,2026-04-20,2026-04-20,15,19,Monday,246.0,4.1,False,VALID
SJ150,SPICEJET,BOM,HYD,BOM → HYD,2026-04-20 15:33:41.702,2026-04-20 19:03:41.702,2026-04-20,2026-04-20,15,19,Monday,210.0,3.5,False,VALID
6F097,INDIGO,BLR,BOM,BLR → BOM,2026-04-20 15:32:41.702,2026-04-20 16:49:41.702,2026-04-20,2026-04-20,15,16,Monday,77.0,1.2833333333333334,False,VALID
6F123,INDIGO,DEL,HYD,DEL → HYD,2026-04-20 15:26:41.702,2026-04-20 17:12:41.702,2026-04-20,2026-04-20,15,17,Monday,106.0,1.7666666666666666,False,VALID
6F017,INDIGO,CCU,BOM,CCU → BOM,2026-04-20 15:25:41.701,2026-04-20 18:06:41.701,2026-04-20,2026-04-20,15,18,Monday,161.0,2.683333333333333,False,VALID
6F245,INDIGO,CCU,BOM,CCU → BOM,2026-04-20 15:25:41.701,2026-04-20 18:06:41.701,2026-04-20,2026-04-20,15,18,Monday,161.0,2.683333333333333,False,VALID
6F180,INDIGO,MAA,BLR,MAA → BLR,2026-04-20 15:24:41.703,2026-04-20 19:48:41.703,2026-04-20,2026-04-20,15,19,Monday,264.0,4.4,False,VALID
6F152,INDIGO,CCU,DEL,CCU → DEL,2026-04-20 15:21:41.703,2026-04-20 17:25:41.703,2026-04-20,2026-04-20,15,17,Monday,124.0,2.066666666666667,False,VALID
SJ034,SPICEJET,MAA,BOM,MAA → BOM,2026-04-20 15:20:41.701,2026-04-20 20:11:41.701,2026-04-20,2026-04-20,15,20,Monday,291.0,4.85,False,VALID
SJ142,SPICEJET,CCU,BOM,CCU → BOM,2026-04-20 15:14:41.702,2026-04-20 16:56:41.702,2026-04-20,2026-04-20,15,16,Monday,102.0,1.7,False,VALID
SJ142,SPICEJET,CCU,BOM,CCU → BOM,2026-04-20 15:14:41.702,2026-04-20 16:56:41.702,2026-04-20,2026-04-20,15,16,Monday,102.0,1.7,False,VALID
UK189,VISTARA,BLR,MAA,BLR → MAA,2026-04-20 15:07:41.703,2026-04-20 18:51:41.703,2026-04-20,2026-04-20,15,18,Monday,224.0,3.7333333333333334,False,VALID
SJ044,SPICEJET,DEL,CCU,DEL → CCU,2026-04-20 15:06:41.701,2026-04-20 17:43:41.701,2026-04-20,2026-04-20,15,17,Monday,157.0,2.6166666666666667,False,VALID
SJ196,SPICEJET,DEL,HYD,DEL → HYD,2026-04-20 14:58:41.703,2026-04-20 17:44:41.703,2026-04-20,2026-04-20,14,17,Monday,166.0,2.7666666666666666,False,VALID
6F188,INDIGO,DEL,HYD,DEL → HYD,2026-04-20 14:57:41.703,2026-04-20 19:39:41.703,2026-04-20,2026-04-20,14,19,Monday,282.0,4.7,False,VALID
6F181,INDIGO,BOM,MAA,BOM → MAA,2026-04-20 14:55:41.703,2026-04-20 16:43:41.703,2026-04-20,2026-04-20,14,16,Monday,108.0,1.8,False,VALID
6F077,INDIGO,CCU,DEL,CCU → DEL,2026-04-20 14:55:41.702,2026-04-20 19:13:41.702,2026-04-20,2026-04-20,14,19,Monday,258.0,4.3,False,VALID
SJ154,SPICEJET,BLR,HYD,BLR → HYD,2026-04-20 14:47:41.702,2026-04-20 16:26:41.702,2026-04-20,2026-04-20,14,16,Monday,99.0,1.65,False,VALID
AI025,AIR INDIA,HYD,DEL,HYD → DEL,2026-04-20 14:46:41.701,2026-04-20 17:11:41.701,2026-04-20,2026-04-20,14,17,Monday,145.0,2.4166666666666665,False,VALID
AI094,AIR INDIA,DEL,BLR,DEL → BLR,2026-04-20 14:44:41.702,2026-04-20 15:44:42.000,2026-04-20,2026-04-20,14,15,Monday,60.00496666666666,1.0000827777777777,False,VALID
6F191,INDIGO,BLR,DEL,BLR → DEL,2026-04-20 14:41:41.703,2026-04-20 15:11:41.703,2026-04-20,2026-04-20,14,15,Monday,30.0,0.5,False,VALID
SJ085,SPICEJET,BLR,MAA,BLR → MAA,2026-04-20 14:41:41.702,2026-04-20 19:11:41.702,2026-04-20,2026-04-20,14,19,Monday,270.0,4.5,False,VALID
6F261,UNKNOWN,CCU,DEL,CCU → DEL,2026-04-20 14:31:41.703,2026-04-20 17:29:41.703,2026-04-20,2026-04-20,14,17,Monday,178.0,2.966666666666667,False,VALID
6F129,INDIGO,DEL,CCU,DEL → CCU,2026-04-20 14:28:41.702,2026-04-20 16:47:41.702,2026-04-20,2026-04-20,14,16,Monday,139.0,2.316666666666667,False,VALID
6F254,UNKNOWN,MAA,BLR,MAA → BLR,2026-04-20 14:26:41.703,2026-04-20 18:01:41.703,2026-04-20,2026-04-20,14,18,Monday,215.0,3.5833333333333335,False,VALID
SJ185,SPICEJET,BOM,CCU,BOM → CCU,2026-04-20 14:21:41.703,2026-04-20 15:21:41.703,2026-04-20,2026-04-20,14,15,Monday,60.0,1.0,False,VALID
6F030,INDIGO,BOM,DEL,BOM → DEL,2026-04-20 14:20:41.701,2026-04-20 17:10:41.701,2026-04-20,2026-04-20,14,17,Monday,170.0,2.8333333333333335,False,VALID
SJ222,SPICEJET,BOM,DEL,BOM → DEL,2026-04-20 14:15:41.703,2026-04-20 17:09:41.703,2026-04-20,2026-04-20,14,17,Monday,174.0,2.9,False,VALID
6F259,UNKNOWN,BOM,DEL,BOM → DEL,2026-04-20 14:10:41.703,2026-04-20 15:21:41.703,2026-04-20,2026-04-20,14,15,Monday,71.0,1.1833333333333333,False,VALID
UK083,VISTARA,DEL,HYD,DEL → HYD,2026-04-20 14:10:41.702,2026-04-20 14:59:41.702,2026-04-20,2026-04-20,14,14,Monday,49.0,0.8166666666666667,False,VALID
6F051,INDIGO,BLR,BOM,BLR → BOM,2026-04-20 13:58:41.701,2026-04-20 15:58:41.701,2026-04-20,2026-04-20,13,15,Monday,120.0,2.0,False,VALID
SJ088,SPICEJET,CCU,MAA,CCU → MAA,2026-04-20 13:54:41.702,2026-04-20 14:26:41.702,2026-04-20,2026-04-20,13,14,Monday,32.0,0.5333333333333333,False,VALID
6F146,INDIGO,HYD,MAA,HYD → MAA,2026-04-20 13:51:41.703,2026-04-20 15:07:41.703,2026-04-20,2026-04-20,13,15,Monday,76.0,1.2666666666666666,False,VALID
6F047,INDIGO,MAA,DEL,MAA → DEL,2026-04-20 13:50:41.701,2026-04-20 15:55:41.701,2026-04-20,2026-04-20,13,15,Monday,125.0,2.0833333333333335,False,VALID
AI077,AIR INDIA,CCU,HYD,CCU → HYD,2026-04-20 13:45:41.702,2026-04-20 14:51:41.702,2026-04-20,2026-04-20,13,14,Monday,66.0,1.1,False,VALID
UK134,VISTARA,HYD,CCU,HYD → CCU,2026-04-20 13:44:41.702,2026-04-20 17:26:41.702,2026-04-20,2026-04-20,13,17,Monday,222.0,3.7,False,VALID
AI056,AIR INDIA,DEL,MAA,DEL → MAA,2026-04-20 13:44:41.701,2026-04-20 17:39:41.701,2026-04-20,2026-04-20,13,17,Monday,235.0,3.9166666666666665,False,VALID
UK141,UNKNOWN,HYD,MAA,HYD → MAA,2026-04-20 13:38:41.703,2026-04-20 15:59:41.703,2026-04-20,2026-04-20,13,15,Monday,141.0,2.35,False,VALID
AI030,AIR INDIA,CCU,HYD,CCU → HYD,2026-04-20 13:33:41.701,2026-04-20 16:52:41.701,2026-04-20,2026-04-20,13,16,Monday,199.0,3.316666666666667,False,VALID
AI029,AIR INDIA,MAA,DEL,MAA → DEL,2026-04-20 13:29:41.701,2026-04-20 17:53:41.701,2026-04-20,2026-04-20,13,17,Monday,264.0,4.4,False,VALID
SJ167,SPICEJET,MAA,CCU,MAA → CCU,2026-04-20 13:18:41.703,2026-04-20 14:12:41.703,2026-04-20,2026-04-20,13,14,Monday,54.0,0.9,False,VALID
UK017,VISTARA,BLR,HYD,BLR → HYD,2026-04-20 13:14:41.701,2026-04-20 14:49:41.701,2026-04-20,2026-04-20,13,14,Monday,95.0,1.5833333333333333,False,VALID
6F229,INDIGO,MAA,DEL,MAA → DEL,2026-04-20 13:10:41.704,2026-04-20 14:30:41.704,2026-04-20,2026-04-20,13,14,Monday,80.0,1.3333333333333333,False,VALID
SJ117,SPICEJET,MAA,BLR,MAA → BLR,2026-04-20 13:10:41.702,2026-04-20 17:06:41.702,2026-04-20,2026-04-20,13,17,Monday,236.0,3.933333333333333,False,VALID
6F184,INDIGO,MAA,BOM,MAA → BOM,2026-04-20 13:05:41.703,2026-04-20 16:04:41.703,2026-04-20,2026-04-20,13,16,Monday,179.0,2.9833333333333334,False,VALID
AI031,AIR INDIA,DEL,MAA,DEL → MAA,2026-04-20 13:05:41.701,2026-04-20 16:11:41.701,2026-04-20,2026-04-20,13,16,Monday,186.0,3.1,False,VALID
AI031,AIR INDIA,DEL,MAA,DEL → MAA,2026-04-20 13:05:41.701,2026-04-20 16:11:41.701,2026-04-20,2026-04-20,13,16,Monday,186.0,3.1,False,VALID
AI178,AIR INDIA,CCU,BLR,CCU → BLR,2026-04-20 13:04:41.703,2026-04-20 14:03:41.703,2026-04-20,2026-04-20,13,14,Monday,59.0,0.9833333333333333,False,VALID
SJ089,SPICEJET,HYD,CCU,HYD → CCU,2026-04-20 12:42:41.702,2026-04-20 17:15:41.702,2026-04-20,2026-04-20,12,17,Monday,273.0,4.55,False,VALID
UK166,VISTARA,HYD,MAA,HYD → MAA,2026-04-20 12:39:41.703,2026-04-20 17:32:41.703,2026-04-20,2026-04-20,12,17,Monday,293.0,4.883333333333334,False,VALID
UK104,VISTARA,DEL,BOM,DEL → BOM,2026-04-20 12:30:41.702,2026-04-20 13:52:41.702,2026-04-20,2026-04-20,12,13,Monday,82.0,1.3666666666666667,False,VALID
6F168,INDIGO,HYD,DEL,HYD → DEL,2026-04-20 12:18:41.703,2026-04-20 15:58:41.703,2026-04-20,2026-04-20,12,15,Monday,220.0,3.6666666666666665,False,VALID
AI222,UNKNOWN,BOM,DEL,BOM → DEL,2026-04-20 12:10:41.703,2026-04-20 13:14:41.703,2026-04-20,2026-04-20,12,13,Monday,64.0,1.0666666666666667,False,VALID
SJ025,SPICEJET,BOM,CCU,BOM → CCU,2026-04-20 12:02:41.701,2026-04-20 15:29:41.701,2026-04-20,2026-04-20,12,15,Monday,207.0,3.45,False,VALID
6F255,UNKNOWN,DEL,BOM,DEL → BOM,2026-04-20 11:59:41.703,2026-04-20 15:33:41.703,2026-04-20,2026-04-20,11,15,Monday,214.0,3.566666666666667,False,VALID
UK228,VISTARA,DEL,MAA,DEL → MAA,2026-04-20 11:58:41.704,2026-04-20 15:08:41.704,2026-04-20,2026-04-20,11,15,Monday,190.0,3.1666666666666665,False,VALID
6F158,INDIGO,CCU,MAA,CCU → MAA,2026-04-20 11:58:41.703,2026-04-20 16:04:41.703,2026-04-20,2026-04-20,11,16,Monday,246.0,4.1,False,VALID
SJ218,SPICEJET,DEL,HYD,DEL → HYD,2026-04-20 11:58:41.703,2026-04-20 15:03:41.703,2026-04-20,2026-04-20,11,15,Monday,185.0,3.0833333333333335,False,VALID
6F034,INDIGO,BOM,DEL,BOM → DEL,2026-04-20 11:53:41.701,2026-04-20 12:49:41.701,2026-04-20,2026-04-20,11,12,Monday,56.0,0.9333333333333333,False,VALID
UK156,VISTARA,MAA,BLR,MAA → BLR,2026-04-20 11:50:41.703,2026-04-20 15:54:41.703,2026-04-20,2026-04-20,11,15,Monday,244.0,4.066666666666666,False,VALID
6F105,INDIGO,BLR,BOM,BLR → BOM,2026-04-20 11:46:41.702,2026-04-20 12:58:41.702,2026-04-20,2026-04-20,11,12,Monday,72.0,1.2,False,VALID
6F073,INDIGO,DEL,CCU,DEL → CCU,2026-04-20 11:38:41.702,2026-04-20 15:18:41.702,2026-04-20,2026-04-20,11,15,Monday,220.0,3.6666666666666665,False,VALID
SJ074,SPICEJET,DEL,CCU,DEL → CCU,2026-04-20 11:21:41.701,2026-04-20 12:02:41.701,2026-04-20,2026-04-20,11,12,Monday,41.0,0.6833333333333333,False,VALID
6F234,INDIGO,BOM,DEL,BOM → DEL,2026-04-20 11:20:41.704,2026-04-20 14:11:41.704,2026-04-20,2026-04-20,11,14,Monday,171.0,2.85,False,VALID
6F068,INDIGO,BLR,HYD,BLR → HYD,2026-04-20 11:17:41.701,2026-04-20 15:06:41.701,2026-04-20,2026-04-20,11,15,Monday,229.0,3.816666666666667,False,VALID
6F074,INDIGO,HYD,BOM,HYD → BOM,2026-04-20 11:09:41.702,2026-04-20 14:29:41.702,2026-04-20,2026-04-20,11,14,Monday,200.0,3.3333333333333335,False,VALID
AI038,AIR INDIA,HYD,MAA,HYD → MAA,2026-04-20 11:05:41.701,2026-04-20 15:44:41.701,2026-04-20,2026-04-20,11,15,Monday,279.0,4.65,False,VALID
AI079,AIR INDIA,CCU,BLR,CCU → BLR,2026-04-20 11:04:41.702,2026-04-20 13:19:41.702,2026-04-20,2026-04-20,11,13,Monday,135.0,2.25,False,VALID
SJ018,SPICEJET,BOM,CCU,BOM → CCU,2026-04-20 10:58:41.701,2026-04-20 13:31:41.701,2026-04-20,2026-04-20,10,13,Monday,153.0,2.55,False,VALID
6F018,INDIGO,DEL,BLR,DEL → BLR,2026-04-20 10:57:41.701,2026-04-20 11:43:41.701,2026-04-20,2026-04-20,10,11,Monday,46.0,0.7666666666666667,False,VALID
AI091,AIR INDIA,CCU,MAA,CCU → MAA,2026-04-20 10:52:41.702,2026-04-20 15:15:41.702,2026-04-20,2026-04-20,10,15,Monday,263.0,4.383333333333334,False,VALID
UK071,VISTARA,DEL,HYD,DEL → HYD,2026-04-20 10:50:41.701,2026-04-20 14:06:41.701,2026-04-20,2026-04-20,10,14,Monday,196.0,3.2666666666666666,False,VALID
AI019,AIR INDIA,BOM,CCU,BOM → CCU,2026-04-20 10:49:41.701,2026-04-20 11:51:41.701,2026-04-20,2026-04-20,10,11,Monday,62.0,1.0333333333333334,False,VALID
UK212,VISTARA,HYD,MAA,HYD → MAA,2026-04-20 10:46:41.704,2026-04-20 11:31:41.704,2026-04-20,2026-04-20,10,11,Monday,45.0,0.75,False,VALID
AI146,AIR INDIA,BLR,DEL,BLR → DEL,2026-04-20 10:40:41.702,2026-04-20 13:46:41.702,2026-04-20,2026-04-20,10,13,Monday,186.0,3.1,False,VALID
6F232,INDIGO,MAA,BLR,MAA → BLR,2026-04-20 10:39:41.704,2026-04-20 12:22:41.704,2026-04-20,2026-04-20,10,12,Monday,103.0,1.7166666666666666,False,VALID
6F084,INDIGO,CCU,HYD,CCU → HYD,2026-04-20 10:34:41.702,2026-04-20 11:34:42.000,2026-04-20,2026-04-20,10,11,Monday,60.00496666666666,1.0000827777777777,False,VALID
AI129,AIR INDIA,BOM,CCU,BOM → CCU,2026-04-20 10:29:41.702,2026-04-20 13:38:41.702,2026-04-20,2026-04-20,10,13,Monday,189.0,3.15,False,VALID
AI240,AIR INDIA,MAA,DEL,MAA → DEL,2026-04-20 10:19:41.704,2026-04-20 12:46:41.704,2026-04-20,2026-04-20,10,12,Monday,147.0,2.45,False,VALID
6F091,INDIGO,BLR,CCU,BLR → CCU,2026-04-20 10:10:41.702,2026-04-20 11:36:41.702,2026-04-20,2026-04-20,10,11,Monday,86.0,1.4333333333333333,False,VALID
UK133,VISTARA,BOM,DEL,BOM → DEL,2026-04-20 10:04:41.702,2026-04-20 13:16:41.702,2026-04-20,2026-04-20,10,13,Monday,192.0,3.2,False,VALID
SJ007,SPICEJET,BOM,CCU,BOM → CCU,2026-04-20 10:03:41.701,2026-04-20 14:53:41.701,2026-04-20,2026-04-20,10,14,Monday,290.0,4.833333333333333,False,VALID
SJ141,SPICEJET,CCU,DEL,CCU → DEL,2026-04-20 10:00:41.702,2026-04-20 13:37:41.702,2026-04-20,2026-04-20,10,13,Monday,217.0,3.6166666666666667,False,VALID
6F049,INDIGO,HYD,DEL,HYD → DEL,2026-04-20 10:00:41.701,2026-04-20 13:13:41.701,2026-04-20,2026-04-20,10,13,Monday,193.0,3.216666666666667,False,VALID
SJ235,SPICEJET,BOM,DEL,BOM → DEL,2026-04-20 09:57:41.704,2026-04-20 13:45:41.704,2026-04-20,2026-04-20,9,13,Monday,228.0,3.8,False,VALID
UK087,VISTARA,HYD,MAA,HYD → MAA,2026-04-20 09:49:41.702,2026-04-20 13:17:41.702,2026-04-20,2026-04-20,9,13,Monday,208.0,3.466666666666667,False,VALID
UK170,VISTARA,BOM,BLR,BOM → BLR,2026-04-20 09:42:41.703,2026-04-20 11:32:41.703,2026-04-20,2026-04-20,9,11,Monday,110.0,1.8333333333333333,False,VALID
SJ078,SPICEJET,DEL,HYD,DEL → HYD,2026-04-20 09:41:41.701,2026-04-20 12:49:41.701,2026-04-20,2026-04-20,9,12,Monday,188.0,3.1333333333333333,False,VALID
SJ075,SPICEJET,MAA,BLR,MAA → BLR,2026-04-20 09:26:41.701,2026-04-20 11:03:41.701,2026-04-20,2026-04-20,9,11,Monday,97.0,1.6166666666666667,False,VALID
AI159,AIR INDIA,HYD,BLR,HYD → BLR,2026-04-20 09:23:41.703,2026-04-20 11:36:41.703,2026-04-20,2026-04-20,9,11,Monday,133.0,2.216666666666667,False,VALID
UK120,VISTARA,HYD,DEL,HYD → DEL,2026-04-20 09:19:41.702,2026-04-20 13:30:41.702,2026-04-20,2026-04-20,9,13,Monday,251.0,4.183333333333334,False,VALID
AI059,AIR INDIA,CCU,DEL,CCU → DEL,2026-04-20 09:16:41.701,2026-04-20 11:43:41.701,2026-04-20,2026-04-20,9,11,Monday,147.0,2.45,False,VALID
UK040,VISTARA,HYD,CCU,HYD → CCU,2026-04-20 09:15:41.701,2026-04-20 10:32:41.701,2026-04-20,2026-04-20,9,10,Monday,77.0,1.2833333333333334,False,VALID
AI044,UNKNOWN,MAA,BLR,MAA → BLR,2026-04-20 09:03:41.701,2026-04-20 12:36:41.701,2026-04-20,2026-04-20,9,12,Monday,213.0,3.55,False,VALID
AI078,AIR INDIA,DEL,BOM,DEL → BOM,2026-04-20 08:58:41.702,2026-04-20 13:28:41.702,2026-04-20,2026-04-20,8,13,Monday,270.0,4.5,False,VALID
SJ226,SPICEJET,HYD,BOM,HYD → BOM,2026-04-20 08:47:41.704,2026-04-20 12:54:41.704,2026-04-20,2026-04-20,8,12,Monday,247.0,4.116666666666666,False,VALID
6F209,INDIGO,MAA,CCU,MAA → CCU,2026-04-20 08:40:41.703,2026-04-20 13:40:41.703,2026-04-20,2026-04-20,8,13,Monday,300.0,5.0,False,VALID
UK193,VISTARA,HYD,DEL,HYD → DEL,2026-04-20 08:39:41.703,2026-04-20 09:14:41.703,2026-04-20,2026-04-20,8,9,Monday,35.0,0.5833333333333334,False,VALID
6F092,INDIGO,MAA,BLR,MAA → BLR,2026-04-20 08:39:41.702,2026-04-20 09:15:41.702,2026-04-20,2026-04-20,8,9,Monday,36.0,0.6,False,VALID
AI208,AIR INDIA,BLR,BOM,BLR → BOM,2026-04-20 08:38:41.703,2026-04-20 11:52:41.703,2026-04-20,2026-04-20,8,11,Monday,194.0,3.2333333333333334,False,VALID
SJ227,SPICEJET,BOM,CCU,BOM → CCU,2026-04-20 08:32:41.704,2026-04-20 12:53:41.704,2026-04-20,2026-04-20,8,12,Monday,261.0,4.35,False,VALID
6F238,INDIGO,BOM,DEL,BOM → DEL,2026-04-20 08:31:41.704,2026-04-20 09:19:41.704,2026-04-20,2026-04-20,8,9,Monday,48.0,0.8,False,VALID
AI084,AIR INDIA,BOM,HYD,BOM → HYD,2026-04-20 08:31:41.702,2026-04-20 09:46:41.702,2026-04-20,2026-04-20,8,9,Monday,75.0,1.25,False,VALID
SJ228,SPICEJET,BOM,CCU,BOM → CCU,2026-04-20 08:29:41.704,2026-04-20 12:16:41.704,2026-04-20,2026-04-20,8,12,Monday,227.0,3.783333333333333,False,VALID
UK194,VISTARA,CCU,BOM,CCU → BOM,2026-04-20 08:26:41.703,2026-04-20 09:26:42.000,2026-04-20,2026-04-20,8,9,Monday,60.00495,1.0000825,False,VALID
6F126,INDIGO,CCU,MAA,CCU → MAA,2026-04-20 08:21:41.702,2026-04-20 09:39:41.702,2026-04-20,2026-04-20,8,9,Monday,78.0,1.3,False,VALID
SJ052,SPICEJET,MAA,BLR,MAA → BLR,2026-04-20 08:20:41.701,2026-04-20 09:57:41.701,2026-04-20,2026-04-20,8,9,Monday,97.0,1.6166666666666667,False,VALID
AI233,AIR INDIA,BLR,BOM,BLR → BOM,2026-04-20 08:04:41.704,2026-04-20 09:52:41.704,2026-04-20,2026-04-20,8,9,Monday,108.0,1.8,False,VALID
AI213,AIR INDIA,HYD,CCU,HYD → CCU,2026-04-20 08:03:41.703,2026-04-20 09:14:41.703,2026-04-20,2026-04-20,8,9,Monday,71.0,1.1833333333333333,False,VALID
UK076,VISTARA,MAA,CCU,MAA → CCU,2026-04-20 08:03:41.702,2026-04-20 12:26:41.702,2026-04-20,2026-04-20,8,12,Monday,263.0,4.383333333333334,False,VALID
SJ022,SPICEJET,DEL,BLR,DEL → BLR,2026-04-20 07:56:41.701,2026-04-20 11:07:41.701,2026-04-20,2026-04-20,7,11,Monday,191.0,3.183333333333333,False,VALID
SJ002,SPICEJET,DEL,BOM,DEL → BOM,2026-04-20 07:54:41.701,2026-04-20 12:40:41.701,2026-04-20,2026-04-20,7,12,Monday,286.0,4.766666666666667,False,VALID
AI163,AIR INDIA,HYD,MAA,HYD → MAA,2026-04-20 07:45:41.703,2026-04-20 08:46:41.703,2026-04-20,2026-04-20,7,8,Monday,61.0,1.0166666666666666,False,VALID
UK229,UNKNOWN,HYD,DEL,HYD → DEL,2026-04-20 07:40:41.704,2026-04-20 11:57:41.704,2026-04-20,2026-04-20,7,11,Monday,257.0,4.283333333333333,False,VALID
UK185,VISTARA,DEL,MAA,DEL → MAA,2026-04-20 07:31:41.703,2026-04-20 08:48:41.703,2026-04-20,2026-04-20,7,8,Monday,77.0,1.2833333333333334,False,VALID
6F029,INDIGO,BOM,BLR,BOM → BLR,2026-04-20 07:31:41.701,2026-04-20 11:45:41.701,2026-04-20,2026-04-20,7,11,Monday,254.0,4.233333333333333,False,VALID
6F056,INDIGO,BOM,MAA,BOM → MAA,2026-04-20 07:00:41.701,2026-04-20 08:49:41.701,2026-04-20,2026-04-20,7,8,Monday,109.0,1.8166666666666667,False,VALID
AI062,AIR INDIA,MAA,DEL,MAA → DEL,2026-04-20 06:49:41.701,2026-04-20 07:25:41.701,2026-04-20,2026-04-20,6,7,Monday,36.0,0.6,False,VALID
UK034,VISTARA,DEL,BLR,DEL → BLR,2026-04-20 06:47:41.701,2026-04-20 10:11:41.701,2026-04-20,2026-04-20,6,10,Monday,204.0,3.4,False,VALID
UK079,VISTARA,DEL,BLR,DEL → BLR,2026-04-20 06:43:41.702,2026-04-20 10:34:41.702,2026-04-20,2026-04-20,6,10,Monday,231.0,3.85,False,VALID
AI135,AIR INDIA,BLR,BOM,BLR → BOM,2026-04-20 06:40:41.702,2026-04-20 09:21:41.702,2026-04-20,2026-04-20,6,9,Monday,161.0,2.683333333333333,False,VALID
SJ061,SPICEJET,MAA,BLR,MAA → BLR,2026-04-20 06:38:41.701,2026-04-20 09:35:41.701,2026-04-20,2026-04-20,6,9,Monday,177.0,2.95,False,VALID
AI047,UNKNOWN,CCU,MAA,CCU → MAA,2026-04-20 06:36:41.701,2026-04-20 07:23:41.701,2026-04-20,2026-04-20,6,7,Monday,47.0,0.7833333333333333,False,VALID
UK210,VISTARA,DEL,CCU,DEL → CCU,2026-04-20 06:35:41.704,2026-04-20 07:30:41.704,2026-04-20,2026-04-20,6,7,Monday,55.0,0.9166666666666666,False,VALID
AI088,UNKNOWN,MAA,DEL,MAA → DEL,2026-04-20 06:34:41.702,2026-04-20 10:10:41.702,2026-04-20,2026-04-20,6,10,Monday,216.0,3.6,False,VALID
UK177,VISTARA,DEL,HYD,DEL → HYD,2026-04-20 06:21:41.703,2026-04-20 10:50:41.703,2026-04-20,2026-04-20,6,10,Monday,269.0,4.483333333333333,False,VALID
AI128,UNKNOWN,BOM,CCU,BOM → CCU,2026-04-20 06:07:41.702,2026-04-20 10:03:41.702,2026-04-20,2026-04-20,6,10,Monday,236.0,3.933333333333333,False,VALID
AI158,AIR INDIA,CCU,DEL,CCU → DEL,2026-04-20 06:04:41.703,2026-04-20 09:01:41.703,2026-04-20,2026-04-20,6,9,Monday,177.0,2.95,False,VALID
UK206,VISTARA,MAA,BLR,MAA → BLR,2026-04-20 06:01:41.703,2026-04-20 10:34:41.703,2026-04-20,2026-04-20,6,10,Monday,273.0,4.55,False,VALID
SJ138,UNKNOWN,BLR,BOM,BLR → BOM,2026-04-20 05:55:41.702,2026-04-20 06:43:41.702,2026-04-20,2026-04-20,5,6,Monday,48.0,0.8,False,VALID
AI034,AIR INDIA,DEL,BOM,DEL → BOM,2026-04-20 05:48:41.701,2026-04-20 10:31:41.701,2026-04-20,2026-04-20,5,10,Monday,283.0,4.716666666666667,False,VALID
AI012,AIR INDIA,BOM,CCU,BOM → CCU,2026-04-20 05:44:41.701,2026-04-20 09:47:41.701,2026-04-20,2026-04-20,5,9,Monday,243.0,4.05,False,VALID
6F083,INDIGO,BLR,DEL,BLR → DEL,2026-04-20 05:24:41.702,2026-04-20 06:03:41.702,2026-04-20,2026-04-20,5,6,Monday,39.0,0.65,False,VALID
SJ083,SPICEJET,MAA,BLR,MAA → BLR,2026-04-20 05:13:41.702,2026-04-20 08:17:41.702,2026-04-20,2026-04-20,5,8,Monday,184.0,3.066666666666667,False,VALID
SJ186,SPICEJET,CCU,DEL,CCU → DEL,2026-04-20 05:11:41.703,2026-04-20 07:22:41.703,2026-04-20,2026-04-20,5,7,Monday,131.0,2.183333333333333,False,VALID
UK001,VISTARA,CCU,DEL,CCU → DEL,2026-04-20 05:06:41.700,2026-04-20 06:31:41.700,2026-04-20,2026-04-20,5,6,Monday,85.0,1.4166666666666667,False,VALID
AI217,AIR INDIA,CCU,BLR,CCU → BLR,2026-04-20 04:57:41.703,2026-04-20 07:14:41.703,2026-04-20,2026-04-20,4,7,Monday,137.0,2.283333333333333,False,VALID
6F178,INDIGO,BOM,CCU,BOM → CCU,2026-04-20 04:48:41.703,2026-04-20 09:11:41.703,2026-04-20,2026-04-20,4,9,Monday,263.0,4.383333333333334,False,VALID
UK015,VISTARA,BLR,BOM,BLR → BOM,2026-04-20 04:46:41.701,2026-04-20 06:33:41.701,2026-04-20,2026-04-20,4,6,Monday,107.0,1.7833333333333334,False,VALID
AI112,AIR INDIA,DEL,BLR,DEL → BLR,2026-04-20 04:41:41.702,2026-04-20 08:24:41.702,2026-04-20,2026-04-20,4,8,Monday,223.0,3.716666666666667,False,VALID
UK100,VISTARA,CCU,BLR,CCU → BLR,2026-04-20 04:40:41.702,2026-04-20 07:12:41.702,2026-04-20,2026-04-20,4,7,Monday,152.0,2.533333333333333,False,VALID
6F133,INDIGO,MAA,BLR,MAA → BLR,2026-04-20 04:38:41.702,2026-04-20 06:25:41.702,2026-04-20,2026-04-20,4,6,Monday,107.0,1.7833333333333334,False,VALID
AI227,AIR INDIA,BLR,MAA,BLR → MAA,2026-04-20 04:31:41.703,2026-04-20 08:17:41.703,2026-04-20,2026-04-20,4,8,Monday,226.0,3.7666666666666666,False,VALID
UK093,VISTARA,HYD,CCU,HYD → CCU,2026-04-20 04:31:41.702,2026-04-20 05:21:41.702,2026-04-20,2026-04-20,4,5,Monday,50.0,0.8333333333333334,False,VALID
UK203,VISTARA,BLR,HYD,BLR → HYD,2026-04-20 04:12:41.703,2026-04-20 05:24:41.703,2026-04-20,2026-04-20,4,5,Monday,72.0,1.2,False,VALID
UK154,VISTARA,MAA,HYD,MAA → HYD,2026-04-20 04:00:41.703,2026-04-20 07:57:41.703,2026-04-20,2026-04-20,4,7,Monday,237.0,3.95,False,VALID
UK073,VISTARA,BLR,CCU,BLR → CCU,2026-04-20 03:59:41.702,2026-04-20 08:09:41.702,2026-04-20,2026-04-20,3,8,Monday,250.0,4.166666666666667,False,VALID
AI164,AIR INDIA,DEL,BLR,DEL → BLR,2026-04-20 03:57:41.703,2026-04-20 05:45:41.703,2026-04-20,2026-04-20,3,5,Monday,108.0,1.8,False,VALID
UK008,VISTARA,CCU,BLR,CCU → BLR,2026-04-20 03:57:41.701,2026-04-20 04:34:41.701,2026-04-20,2026-04-20,3,4,Monday,37.0,0.6166666666666667,False,VALID
UK051,VISTARA,HYD,DEL,HYD → DEL,2026-04-20 03:55:41.701,2026-04-20 06:55:41.701,2026-04-20,2026-04-20,3,6,Monday,180.0,3.0,False,VALID
UK208,VISTARA,DEL,CCU,DEL → CCU,2026-04-20 03:54:41.704,2026-04-20 08:51:41.704,2026-04-20,2026-04-20,3,8,Monday,297.0,4.95,False,VALID
AI150,AIR INDIA,BOM,DEL,BOM → DEL,2026-04-20 03:51:41.703,2026-04-20 04:38:41.703,2026-04-20,2026-04-20,3,4,Monday,47.0,0.7833333333333333,False,VALID
AI189,AIR INDIA,CCU,DEL,CCU → DEL,2026-04-20 03:44:41.703,2026-04-20 05:32:41.703,2026-04-20,2026-04-20,3,5,Monday,108.0,1.8,False,VALID
6F230,INDIGO,CCU,BLR,CCU → BLR,2026-04-20 03:34:41.704,2026-04-20 06:47:41.704,2026-04-20,2026-04-20,3,6,Monday,193.0,3.216666666666667,False,VALID
6F169,INDIGO,BOM,DEL,BOM → DEL,2026-04-20 03:27:41.703,2026-04-20 08:06:41.703,2026-04-20,2026-04-20,3,8,Monday,279.0,4.65,False,VALID
AI205,AIR INDIA,BLR,BOM,BLR → BOM,2026-04-20 03:26:41.703,2026-04-20 05:14:41.703,2026-04-20,2026-04-20,3,5,Monday,108.0,1.8,False,VALID
AI103,AIR INDIA,BLR,BOM,BLR → BOM,2026-04-20 03:26:41.702,2026-04-20 04:04:41.702,2026-04-20,2026-04-20,3,4,Monday,38.0,0.6333333333333333,False,VALID
6F250,UNKNOWN,DEL,BLR,DEL → BLR,2026-04-20 03:26:41.701,2026-04-20 07:30:41.701,2026-04-20,2026-04-20,3,7,Monday,244.0,4.066666666666666,False,VALID
AI246,AIR INDIA,BOM,BLR,BOM → BLR,2026-04-20 03:22:41.704,2026-04-20 06:41:41.704,2026-04-20,2026-04-20,3,6,Monday,199.0,3.316666666666667,False,VALID
6F187,INDIGO,BOM,MAA,BOM → MAA,2026-04-20 03:19:41.703,2026-04-20 07:37:41.703,2026-04-20,2026-04-20,3,7,Monday,258.0,4.3,False,VALID
AI082,AIR INDIA,DEL,CCU,DEL → CCU,2026-04-20 03:19:41.702,2026-04-20 06:01:41.702,2026-04-20,2026-04-20,3,6,Monday,162.0,2.7,False,VALID
UK116,VISTARA,CCU,BOM,CCU → BOM,2026-04-20 03:18:41.702,2026-04-20 07:06:41.702,2026-04-20,2026-04-20,3,7,Monday,228.0,3.8,False,VALID
SJ169,SPICEJET,BOM,MAA,BOM → MAA,2026-04-20 03:10:41.703,2026-04-20 07:56:41.703,2026-04-20,2026-04-20,3,7,Monday,286.0,4.766666666666667,False,VALID
AI175,AIR INDIA,BOM,HYD,BOM → HYD,2026-04-20 03:08:41.703,2026-04-20 06:55:41.703,2026-04-20,2026-04-20,3,6,Monday,227.0,3.783333333333333,False,VALID
SJ098,SPICEJET,HYD,MAA,HYD → MAA,2026-04-20 03:02:41.702,2026-04-20 03:37:41.702,2026-04-20,2026-04-20,3,3,Monday,35.0,0.5833333333333334,False,VALID
SJ191,SPICEJET,BLR,BOM,BLR → BOM,2026-04-20 03:01:41.703,2026-04-20 04:23:41.703,2026-04-20,2026-04-20,3,4,Monday,82.0,1.3666666666666667,False,VALID
SJ017,SPICEJET,DEL,MAA,DEL → MAA,2026-04-20 02:57:41.701,2026-04-20 05:00:41.701,2026-04-20,2026-04-20,2,5,Monday,123.0,2.05,False,VALID
UK188,VISTARA,MAA,BLR,MAA → BLR,2026-04-20 02:55:41.703,2026-04-20 03:44:41.703,2026-04-20,2026-04-20,2,3,Monday,49.0,0.8166666666666667,False,VALID
AI196,AIR INDIA,MAA,HYD,MAA → HYD,2026-04-20 02:52:41.703,2026-04-20 04:25:41.703,2026-04-20,2026-04-20,2,4,Monday,93.0,1.55,False,VALID
AI068,AIR INDIA,BOM,BLR,BOM → BLR,2026-04-20 02:48:41.702,2026-04-20 04:48:42.000,2026-04-20,2026-04-20,2,4,Monday,120.00496666666666,2.0000827777777777,False,VALID
SJ097,SPICEJET,BOM,CCU,BOM → CCU,2026-04-20 02:37:41.702,2026-04-20 05:27:41.702,2026-04-20,2026-04-20,2,5,Monday,170.0,2.8333333333333335,False,VALID
SJ030,SPICEJET,DEL,HYD,DEL → HYD,2026-04-20 02:36:41.701,2026-04-20 03:19:41.701,2026-04-20,2026-04-20,2,3,Monday,43.0,0.7166666666666667,False,VALID
6F179,INDIGO,HYD,MAA,HYD → MAA,2026-04-20 02:25:41.703,2026-04-20 06:40:41.703,2026-04-20,2026-04-20,2,6,Monday,255.0,4.25,False,VALID
6F156,INDIGO,MAA,BOM,MAA → BOM,2026-04-20 02:23:41.703,2026-04-20 04:57:41.703,2026-04-20,2026-04-20,2,4,Monday,154.0,2.566666666666667,False,VALID
6F250,UNKNOWN,CCU,BLR,CCU → BLR,2026-04-20 02:23:41.702,2026-04-20 02:56:41.702,2026-04-20,2026-04-20,2,2,Monday,33.0,0.55,False,VALID
SJ057,SPICEJET,BOM,CCU,BOM → CCU,2026-04-20 02:17:41.701,2026-04-20 05:29:41.701,2026-04-20,2026-04-20,2,5,Monday,192.0,3.2,False,VALID
6F036,INDIGO,CCU,BLR,CCU → BLR,2026-04-20 02:14:41.701,2026-04-20 06:57:41.701,2026-04-20,2026-04-20,2,6,Monday,283.0,4.716666666666667,False,VALID
6F201,INDIGO,CCU,BOM,CCU → BOM,2026-04-20 02:09:41.703,2026-04-20 06:49:41.703,2026-04-20,2026-04-20,2,6,Monday,280.0,4.666666666666667,False,VALID
6F143,INDIGO,CCU,DEL,CCU → DEL,2026-04-20 02:09:41.702,2026-04-20 06:08:41.702,2026-04-20,2026-04-20,2,6,Monday,239.0,3.9833333333333334,False,VALID
6F177,INDIGO,HYD,MAA,HYD → MAA,2026-04-20 02:03:41.703,2026-04-20 04:25:41.703,2026-04-20,2026-04-20,2,4,Monday,142.0,2.3666666666666667,False,VALID
6F031,INDIGO,BOM,BLR,BOM → BLR,2026-04-20 02:00:41.701,2026-04-20 06:37:41.701,2026-04-20,2026-04-20,2,6,Monday,277.0,4.616666666666666,False,VALID
UK165,VISTARA,DEL,BLR,DEL → BLR,2026-04-20 01:51:41.703,2026-04-20 06:04:41.703,2026-04-20,2026-04-20,1,6,Monday,253.0,4.216666666666667,False,VALID
6F122,INDIGO,DEL,BLR,DEL → BLR,2026-04-20 01:44:41.702,2026-04-20 05:28:41.702,2026-04-20,2026-04-20,1,5,Monday,224.0,3.7333333333333334,False,VALID
AI009,UNKNOWN,DEL,CCU,DEL → CCU,2026-04-20 01:31:41.701,2026-04-20 04:05:41.701,2026-04-20,2026-04-20,1,4,Monday,154.0,2.566666666666667,False,VALID
6F046,INDIGO,DEL,BLR,DEL → BLR,2026-04-20 01:27:41.701,2026-04-20 05:08:41.701,2026-04-20,2026-04-20,1,5,Monday,221.0,3.683333333333333,False,VALID
AI051,AIR INDIA,MAA,BLR,MAA → BLR,2026-04-20 01:27:41.701,2026-04-20 02:22:41.701,2026-04-20,2026-04-20,1,2,Monday,55.0,0.9166666666666666,False,VALID
UK222,VISTARA,BOM,CCU,BOM → CCU,2026-04-20 01:22:41.704,2026-04-20 02:57:41.704,2026-04-20,2026-04-20,1,2,Monday,95.0,1.5833333333333333,False,VALID
SJ127,SPICEJET,BOM,DEL,BOM → DEL,2026-04-20 01:21:41.702,2026-04-20 03:58:41.702,2026-04-20,2026-04-20,1,3,Monday,157.0,2.6166666666666667,False,VALID
AI226,UNKNOWN,BLR,HYD,BLR → HYD,2026-04-20 01:19:41.703,2026-04-20 04:08:41.703,2026-04-20,2026-04-20,1,4,Monday,169.0,2.816666666666667,False,VALID
AI216,AIR INDIA,BOM,CCU,BOM → CCU,2026-04-20 01:10:41.703,2026-04-20 02:34:41.703,2026-04-20,2026-04-20,1,2,Monday,84.0,1.4,False,VALID
6F058,INDIGO,BOM,CCU,BOM → CCU,2026-04-20 01:04:41.701,2026-04-20 03:33:41.701,2026-04-20,2026-04-20,1,3,Monday,149.0,2.4833333333333334,False,VALID
SJ207,SPICEJET,DEL,CCU,DEL → CCU,2026-04-20 00:52:41.703,2026-04-20 04:05:41.703,2026-04-20,2026-04-20,0,4,Monday,193.0,3.216666666666667,False,VALID
SJ198,SPICEJET,CCU,BOM,CCU → BOM,2026-04-20 00:47:41.703,2026-04-20 05:28:41.703,2026-04-20,2026-04-20,0,5,Monday,281.0,4.683333333333334,False,VALID
SJ108,SPICEJET,BLR,HYD,BLR → HYD,2026-04-20 00:40:41.702,2026-04-20 03:16:41.702,2026-04-20,2026-04-20,0,3,Monday,156.0,2.6,False,VALID
SJ155,SPICEJET,DEL,CCU,DEL → CCU,2026-04-20 00:38:41.702,2026-04-20 05:38:41.702,2026-04-20,2026-04-20,0,5,Monday,300.0,5.0,False,VALID
6F193,INDIGO,BOM,MAA,BOM → MAA,2026-04-20 00:34:41.703,2026-04-20 02:32:41.703,2026-04-20,2026-04-20,0,2,Monday,118.0,1.9666666666666666,False,VALID
6F019,INDIGO,BLR,BOM,BLR → BOM,2026-04-20 00:19:41.701,2026-04-20 04:14:41.701,2026-04-20,2026-04-20,0,4,Monday,235.0,3.9166666666666665,False,VALID
AI102,AIR INDIA,CCU,BLR,CCU → BLR,2026-04-20 00:17:41.702,2026-04-20 05:08:41.702,2026-04-20,2026-04-20,0,5,Monday,291.0,4.85,False,VALID
6F166,INDIGO,BOM,CCU,BOM → CCU,2026-04-20 00:03:41.703,2026-04-20 04:33:41.703,2026-04-20,2026-04-20,0,4,Monday,270.0,4.5,False,VALID
UK175,VISTARA,BLR,BOM,BLR → BOM,2026-04-19 23:56:41.703,2026-04-20 03:18:41.703,2026-04-19,2026-04-20,23,3,Sunday,202.0,3.3666666666666667,True,VALID
6F010,INDIGO,DEL,BLR,DEL → BLR,2026-04-19 23:53:41.701,2026-04-20 03:44:41.701,2026-04-19,2026-04-20,23,3,Sunday,231.0,3.85,True,VALID
AI234,AIR INDIA,BOM,MAA,BOM → MAA,2026-04-19 23:50:41.704,2026-04-20 01:34:41.704,2026-04-19,2026-04-20,23,1,Sunday,104.0,1.7333333333333334,True,VALID
UK135,VISTARA,HYD,DEL,HYD → DEL,2026-04-19 23:50:41.702,2026-04-20 01:43:41.702,2026-04-19,2026-04-20,23,1,Sunday,113.0,1.8833333333333333,True,VALID
6F272,UNKNOWN,HYD,MAA,HYD → MAA,2026-04-19 23:35:41.702,2026-04-20 00:22:41.702,2026-04-19,2026-04-20,23,0,Sunday,47.0,0.7833333333333333,True,VALID
AI061,AIR INDIA,BOM,CCU,BOM → CCU,2026-04-19 23:31:41.701,2026-04-20 01:02:41.701,2026-04-19,2026-04-20,23,1,Sunday,91.0,1.5166666666666666,True,VALID
6F070,INDIGO,HYD,DEL,HYD → DEL,2026-04-19 23:23:41.701,2026-04-20 02:24:41.701,2026-04-19,2026-04-20,23,2,Sunday,181.0,3.0166666666666666,True,VALID
AI015,AIR INDIA,BLR,CCU,BLR → CCU,2026-04-19 23:21:41.701,2026-04-20 01:15:41.701,2026-04-19,2026-04-20,23,1,Sunday,114.0,1.9,True,VALID
SJ076,SPICEJET,DEL,MAA,DEL → MAA,2026-04-19 23:01:41.701,2026-04-20 02:02:41.701,2026-04-19,2026-04-20,23,2,Sunday,181.0,3.0166666666666666,True,VALID
SJ029,UNKNOWN,HYD,DEL,HYD → DEL,2026-04-19 22:55:41.701,2026-04-20 00:22:41.701,2026-04-19,2026-04-20,22,0,Sunday,87.0,1.45,True,VALID
SJ194,SPICEJET,CCU,DEL,CCU → DEL,2026-04-19 22:46:41.703,2026-04-20 02:31:41.703,2026-04-19,2026-04-20,22,2,Sunday,225.0,3.75,True,VALID
AI235,AIR INDIA,BLR,HYD,BLR → HYD,2026-04-19 22:45:41.704,2026-04-20 02:12:41.704,2026-04-19,2026-04-20,22,2,Sunday,207.0,3.45,True,VALID
SJ048,SPICEJET,MAA,BLR,MAA → BLR,2026-04-19 22:43:41.701,2026-04-20 00:19:41.701,2026-04-19,2026-04-20,22,0,Sunday,96.0,1.6,True,VALID
SJ114,SPICEJET,HYD,DEL,HYD → DEL,2026-04-19 22:42:41.702,2026-04-20 02:02:41.702,2026-04-19,2026-04-20,22,2,Sunday,200.0,3.3333333333333335,True,VALID
SJ146,SPICEJET,HYD,BLR,HYD → BLR,2026-04-19 22:37:41.702,2026-04-20 00:33:41.702,2026-04-19,2026-04-20,22,0,Sunday,116.0,1.9333333333333333,True,VALID
SJ146,SPICEJET,HYD,BLR,HYD → BLR,2026-04-19 22:37:41.702,2026-04-20 00:33:41.702,2026-04-19,2026-04-20,22,0,Sunday,116.0,1.9333333333333333,True,VALID
UK041,VISTARA,HYD,MAA,HYD → MAA,2026-04-19 22:37:41.701,2026-04-19 23:44:41.701,2026-04-19,2026-04-19,22,23,Sunday,67.0,1.1166666666666667,False,VALID
6F075,INDIGO,BOM,CCU,BOM → CCU,2026-04-19 22:20:41.702,2026-04-20 03:02:41.702,2026-04-19,2026-04-20,22,3,Sunday,282.0,4.7,True,VALID
SJ020,SPICEJET,BLR,BOM,BLR → BOM,2026-04-19 22:18:41.701,2026-04-20 02:27:41.701,2026-04-19,2026-04-20,22,2,Sunday,249.0,4.15,True,VALID
SJ099,UNKNOWN,MAA,BLR,MAA → BLR,2026-04-19 22:14:41.702,2026-04-20 00:34:41.702,2026-04-19,2026-04-20,22,0,Sunday,140.0,2.3333333333333335,True,VALID
6F078,INDIGO,BOM,CCU,BOM → CCU,2026-04-19 22:04:41.702,2026-04-19 23:37:41.702,2026-04-19,2026-04-19,22,23,Sunday,93.0,1.55,False,VALID
UK219,VISTARA,BOM,HYD,BOM → HYD,2026-04-19 22:03:41.704,2026-04-20 02:21:41.704,2026-04-19,2026-04-20,22,2,Sunday,258.0,4.3,True,VALID
UK223,VISTARA,CCU,DEL,CCU → DEL,2026-04-19 21:58:41.704,2026-04-19 22:30:41.704,2026-04-19,2026-04-19,21,22,Sunday,32.0,0.5333333333333333,False,VALID
UK227,VISTARA,BOM,HYD,BOM → HYD,2026-04-19 21:57:41.704,2026-04-20 01:47:41.704,2026-04-19,2026-04-20,21,1,Sunday,230.0,3.8333333333333335,True,VALID
6F260,UNKNOWN,CCU,DEL,CCU → DEL,2026-04-19 21:51:41.702,2026-04-20 01:14:41.702,2026-04-19,2026-04-20,21,1,Sunday,203.0,3.3833333333333333,True,VALID
AI096,AIR INDIA,CCU,DEL,CCU → DEL,2026-04-19 21:48:41.702,2026-04-20 02:46:41.702,2026-04-19,2026-04-20,21,2,Sunday,298.0,4.966666666666667,True,VALID
6F022,INDIGO,MAA,BLR,MAA → BLR,2026-04-19 21:46:41.701,2026-04-20 02:05:41.701,2026-04-19,2026-04-20,21,2,Sunday,259.0,4.316666666666666,True,VALID
6F237,INDIGO,HYD,MAA,HYD → MAA,2026-04-19 21:41:41.704,2026-04-20 00:44:41.704,2026-04-19,2026-04-20,21,0,Sunday,183.0,3.05,True,VALID
UK146,VISTARA,BOM,MAA,BOM → MAA,2026-04-19 21:40:41.703,2026-04-20 00:08:41.703,2026-04-19,2026-04-20,21,0,Sunday,148.0,2.466666666666667,True,VALID
SJ015,SPICEJET,BOM,CCU,BOM → CCU,2026-04-19 21:40:41.701,2026-04-19 22:52:41.701,2026-04-19,2026-04-19,21,22,Sunday,72.0,1.2,False,VALID
AI108,AIR INDIA,BLR,CCU,BLR → CCU,2026-04-19 21:32:41.702,2026-04-20 00:17:41.702,2026-04-19,2026-04-20,21,0,Sunday,165.0,2.75,True,VALID
UK020,VISTARA,MAA,BLR,MAA → BLR,2026-04-19 21:23:41.701,2026-04-19 22:38:41.701,2026-04-19,2026-04-19,21,22,Sunday,75.0,1.25,False,VALID
6F113,INDIGO,BOM,CCU,BOM → CCU,2026-04-19 21:04:41.702,2026-04-20 01:30:41.702,2026-04-19,2026-04-20,21,1,Sunday,266.0,4.433333333333334,True,VALID
6F112,INDIGO,HYD,DEL,HYD → DEL,2026-04-19 21:00:41.702,2026-04-19 23:16:41.702,2026-04-19,2026-04-19,21,23,Sunday,136.0,2.2666666666666666,False,VALID
6F246,INDIGO,HYD,DEL,HYD → DEL,2026-04-19 21:00:41.702,2026-04-19 23:16:41.702,2026-04-19,2026-04-19,21,23,Sunday,136.0,2.2666666666666666,False,VALID
UK158,VISTARA,BOM,MAA,BOM → MAA,2026-04-19 20:49:41.703,2026-04-19 21:22:41.703,2026-04-19,2026-04-19,20,21,Sunday,33.0,0.55,False,VALID
UK159,VISTARA,CCU,BLR,CCU → BLR,2026-04-19 20:45:41.703,2026-04-19 23:32:41.703,2026-04-19,2026-04-19,20,23,Sunday,167.0,2.783333333333333,False,VALID
UK084,VISTARA,MAA,DEL,MAA → DEL,2026-04-19 20:44:41.702,2026-04-20 00:20:41.702,2026-04-19,2026-04-20,20,0,Sunday,216.0,3.6,True,VALID
SJ206,SPICEJET,DEL,CCU,DEL → CCU,2026-04-19 20:43:41.703,2026-04-20 01:21:41.703,2026-04-19,2026-04-20,20,1,Sunday,278.0,4.633333333333334,True,VALID
UK044,VISTARA,BLR,BOM,BLR → BOM,2026-04-19 20:31:41.701,2026-04-19 23:29:41.701,2026-04-19,2026-04-19,20,23,Sunday,178.0,2.966666666666667,False,VALID
SJ036,SPICEJET,DEL,HYD,DEL → HYD,2026-04-19 20:24:41.701,2026-04-19 23:54:41.701,2026-04-19,2026-04-19,20,23,Sunday,210.0,3.5,False,VALID
6F176,INDIGO,CCU,DEL,CCU → DEL,2026-04-19 20:23:42.000,2026-04-19 23:23:42.000,2026-04-19,2026-04-19,20,23,Sunday,180.0,3.0,False,VALID
6F148,INDIGO,CCU,BOM,CCU → BOM,2026-04-19 20:23:41.703,2026-04-19 22:30:41.703,2026-04-19,2026-04-19,20,22,Sunday,127.0,2.1166666666666667,False,VALID
6F202,INDIGO,HYD,BLR,HYD → BLR,2026-04-19 20:18:41.703,2026-04-19 23:48:41.703,2026-04-19,2026-04-19,20,23,Sunday,210.0,3.5,False,VALID
6F071,INDIGO,DEL,CCU,DEL → CCU,2026-04-19 20:18:41.702,2026-04-20 00:31:41.702,2026-04-19,2026-04-20,20,0,Sunday,253.0,4.216666666666667,True,VALID
AI105,AIR INDIA,CCU,DEL,CCU → DEL,2026-04-19 20:16:41.702,2026-04-19 22:03:41.702,2026-04-19,2026-04-19,20,22,Sunday,107.0,1.7833333333333334,False,VALID
AI241,AIR INDIA,HYD,BLR,HYD → BLR,2026-04-19 20:11:41.704,2026-04-19 22:18:41.704,2026-04-19,2026-04-19,20,22,Sunday,127.0,2.1166666666666667,False,VALID
SJ162,SPICEJET,DEL,HYD,DEL → HYD,2026-04-19 20:11:41.703,2026-04-19 22:30:41.703,2026-04-19,2026-04-19,20,22,Sunday,139.0,2.316666666666667,False,VALID
6F003,INDIGO,HYD,BOM,HYD → BOM,2026-04-19 20:06:41.700,2026-04-19 23:13:41.700,2026-04-19,2026-04-19,20,23,Sunday,187.0,3.1166666666666667,False,VALID
6F249,INDIGO,HYD,BOM,HYD → BOM,2026-04-19 20:06:41.700,2026-04-19 23:13:41.700,2026-04-19,2026-04-19,20,23,Sunday,187.0,3.1166666666666667,False,VALID
AI237,AIR INDIA,BOM,CCU,BOM → CCU,2026-04-19 19:58:41.704,2026-04-19 23:13:41.704,2026-04-19,2026-04-19,19,23,Sunday,195.0,3.25,False,VALID
SJ134,SPICEJET,BOM,CCU,BOM → CCU,2026-04-19 19:58:41.702,2026-04-20 00:15:41.702,2026-04-19,2026-04-20,19,0,Sunday,257.0,4.283333333333333,True,VALID
AI071,AIR INDIA,BOM,MAA,BOM → MAA,2026-04-19 19:55:41.702,2026-04-19 22:58:41.702,2026-04-19,2026-04-19,19,22,Sunday,183.0,3.05,False,VALID
6F118,INDIGO,CCU,HYD,CCU → HYD,2026-04-19 19:52:41.702,2026-04-19 21:01:41.702,2026-04-19,2026-04-19,19,21,Sunday,69.0,1.15,False,VALID
6F014,INDIGO,DEL,MAA,DEL → MAA,2026-04-19 19:42:41.701,2026-04-19 23:15:41.701,2026-04-19,2026-04-19,19,23,Sunday,213.0,3.55,False,VALID
6F065,INDIGO,MAA,BLR,MAA → BLR,2026-04-19 19:40:41.701,2026-04-19 22:23:41.701,2026-04-19,2026-04-19,19,22,Sunday,163.0,2.716666666666667,False,VALID
6F271,UNKNOWN,HYD,MAA,HYD → MAA,2026-04-19 19:33:41.702,2026-04-19 22:52:41.702,2026-04-19,2026-04-19,19,22,Sunday,199.0,3.316666666666667,False,VALID
SJ070,SPICEJET,MAA,CCU,MAA → CCU,2026-04-19 18:55:41.701,2026-04-19 20:48:41.701,2026-04-19,2026-04-19,18,20,Sunday,113.0,1.8833333333333333,False,VALID
6F007,INDIGO,HYD,MAA,HYD → MAA,2026-04-19 18:55:41.701,2026-04-19 19:54:41.701,2026-04-19,2026-04-19,18,19,Sunday,59.0,0.9833333333333333,False,VALID
UK007,VISTARA,DEL,HYD,DEL → HYD,2026-04-19 18:50:41.701,2026-04-19 21:04:41.701,2026-04-19,2026-04-19,18,21,Sunday,134.0,2.2333333333333334,False,VALID
SJ192,SPICEJET,HYD,BOM,HYD → BOM,2026-04-19 18:45:42.000,2026-04-18 23:45:42.000,2026-04-19,2026-04-18,18,23,Sunday,-1140.0,-19.0,False,NEGATIVE_DURATION
AI097,AIR INDIA,HYD,MAA,HYD → MAA,2026-04-19 18:42:41.702,2026-04-19 23:34:41.702,2026-04-19,2026-04-19,18,23,Sunday,292.0,4.866666666666666,False,VALID
6F256,UNKNOWN,BOM,CCU,BOM → CCU,2026-04-19 18:40:41.702,2026-04-19 19:13:41.702,2026-04-19,2026-04-19,18,19,Sunday,33.0,0.55,False,VALID
UK047,VISTARA,BLR,HYD,BLR → HYD,2026-04-19 18:40:41.701,2026-04-19 22:45:41.701,2026-04-19,2026-04-19,18,22,Sunday,245.0,4.083333333333333,False,VALID
AI024,AIR INDIA,MAA,BOM,MAA → BOM,2026-04-19 18:38:41.701,2026-04-19 19:45:41.701,2026-04-19,2026-04-19,18,19,Sunday,67.0,1.1166666666666667,False,VALID
UK113,VISTARA,CCU,DEL,CCU → DEL,2026-04-19 18:34:41.702,2026-04-19 22:58:41.702,2026-04-19,2026-04-19,18,22,Sunday,264.0,4.4,False,VALID
SJ163,SPICEJET,DEL,HYD,DEL → HYD,2026-04-19 18:32:41.703,2026-04-19 23:08:41.703,2026-04-19,2026-04-19,18,23,Sunday,276.0,4.6,False,VALID
SJ208,SPICEJET,DEL,HYD,DEL → HYD,2026-04-19 18:32:41.703,2026-04-19 19:33:41.703,2026-04-19,2026-04-19,18,19,Sunday,61.0,1.0166666666666666,False,VALID
SJ221,SPICEJET,MAA,HYD,MAA → HYD,2026-04-19 18:31:41.703,2026-04-19 23:17:41.703,2026-04-19,2026-04-19,18,23,Sunday,286.0,4.766666666666667,False,VALID
SJ084,SPICEJET,HYD,MAA,HYD → MAA,2026-04-19 18:31:41.702,2026-04-19 19:30:41.702,2026-04-19,2026-04-19,18,19,Sunday,59.0,0.9833333333333333,False,VALID
6F127,INDIGO,HYD,BOM,HYD → BOM,2026-04-19 18:27:41.702,2026-04-19 22:28:41.702,2026-04-19,2026-04-19,18,22,Sunday,241.0,4.016666666666667,False,VALID
AI122,AIR INDIA,BOM,CCU,BOM → CCU,2026-04-19 18:25:41.702,2026-04-19 22:36:41.702,2026-04-19,2026-04-19,18,22,Sunday,251.0,4.183333333333334,False,VALID
AI139,AIR INDIA,HYD,MAA,HYD → MAA,2026-04-19 18:23:41.702,2026-04-19 19:24:41.702,2026-04-19,2026-04-19,18,19,Sunday,61.0,1.0166666666666666,False,VALID
UK149,VISTARA,MAA,DEL,MAA → DEL,2026-04-19 18:22:41.703,2026-04-19 23:08:41.703,2026-04-19,2026-04-19,18,23,Sunday,286.0,4.766666666666667,False,VALID
AI149,AIR INDIA,BOM,HYD,BOM → HYD,2026-04-19 18:19:41.703,2026-04-19 21:36:41.703,2026-04-19,2026-04-19,18,21,Sunday,197.0,3.283333333333333,False,VALID
SJ243,SPICEJET,BLR,DEL,BLR → DEL,2026-04-19 18:17:41.704,2026-04-19 23:03:41.704,2026-04-19,2026-04-19,18,23,Sunday,286.0,4.766666666666667,False,VALID
AI053,AIR INDIA,CCU,DEL,CCU → DEL,2026-04-19 18:04:41.701,2026-04-19 22:19:41.701,2026-04-19,2026-04-19,18,22,Sunday,255.0,4.25,False,VALID
UK061,VISTARA,BLR,BOM,BLR → BOM,2026-04-19 17:58:41.701,2026-04-19 19:48:41.701,2026-04-19,2026-04-19,17,19,Sunday,110.0,1.8333333333333333,False,VALID
SJ004,SPICEJET,MAA,DEL,MAA → DEL,2026-04-19 17:52:41.701,2026-04-19 21:01:41.701,2026-04-19,2026-04-19,17,21,Sunday,189.0,3.15,False,VALID
AI173,AIR INDIA,HYD,DEL,HYD → DEL,2026-04-19 17:36:41.703,2026-04-19 22:27:41.703,2026-04-19,2026-04-19,17,22,Sunday,291.0,4.85,False,VALID
6F085,INDIGO,HYD,MAA,HYD → MAA,2026-04-19 17:32:41.702,2026-04-19 19:32:42.000,2026-04-19,2026-04-19,17,19,Sunday,120.00496666666666,2.0000827777777777,False,VALID
AI252,UNKNOWN,HYD,DEL,HYD → DEL,2026-04-19 17:30:41.704,2026-04-19 21:54:41.704,2026-04-19,2026-04-19,17,21,Sunday,264.0,4.4,False,VALID
SJ109,SPICEJET,BOM,DEL,BOM → DEL,2026-04-19 17:24:41.702,2026-04-19 20:28:41.702,2026-04-19,2026-04-19,17,20,Sunday,184.0,3.066666666666667,False,VALID
UK123,VISTARA,BOM,DEL,BOM → DEL,2026-04-19 17:24:41.702,2026-04-19 20:18:41.702,2026-04-19,2026-04-19,17,20,Sunday,174.0,2.9,False,VALID
6F125,INDIGO,BOM,CCU,BOM → CCU,2026-04-19 17:09:41.702,2026-04-19 21:13:41.702,2026-04-19,2026-04-19,17,21,Sunday,244.0,4.066666666666666,False,VALID
UK183,VISTARA,BLR,CCU,BLR → CCU,2026-04-19 17:07:41.703,2026-04-19 18:30:41.703,2026-04-19,2026-04-19,17,18,Sunday,83.0,1.3833333333333333,False,VALID
AI110,AIR INDIA,BOM,CCU,BOM → CCU,2026-04-19 17:07:41.702,2026-04-19 22:00:41.702,2026-04-19,2026-04-19,17,22,Sunday,293.0,4.883333333333334,False,VALID
UK105,VISTARA,CCU,HYD,CCU → HYD,2026-04-19 17:04:41.702,2026-04-19 18:11:41.702,2026-04-19,2026-04-19,17,18,Sunday,67.0,1.1166666666666667,False,VALID
6F128,INDIGO,HYD,DEL,HYD → DEL,2026-04-19 16:56:41.702,2026-04-19 18:03:41.702,2026-04-19,2026-04-19,16,18,Sunday,67.0,1.1166666666666667,False,VALID
6F224,INDIGO,DEL,MAA,DEL → MAA,2026-04-19 16:53:41.704,2026-04-19 18:52:41.704,2026-04-19,2026-04-19,16,18,Sunday,119.0,1.9833333333333334,False,VALID
SJ130,SPICEJET,BOM,DEL,BOM → DEL,2026-04-19 16:53:41.702,2026-04-19 20:53:41.702,2026-04-19,2026-04-19,16,20,Sunday,240.0,4.0,False,VALID
AI224,AIR INDIA,DEL,HYD,DEL → HYD,2026-04-19 16:51:41.703,2026-04-19 21:36:41.703,2026-04-19,2026-04-19,16,21,Sunday,285.0,4.75,False,VALID
SJ182,SPICEJET,CCU,BOM,CCU → BOM,2026-04-19 16:48:41.703,2026-04-19 17:36:41.703,2026-04-19,2026-04-19,16,17,Sunday,48.0,0.8,False,VALID
UK164,VISTARA,BOM,HYD,BOM → HYD,2026-04-19 16:46:41.703,2026-04-19 21:10:41.703,2026-04-19,2026-04-19,16,21,Sunday,264.0,4.4,False,VALID
AI161,AIR INDIA,CCU,BOM,CCU → BOM,2026-04-19 16:40:41.703,2026-04-19 19:40:41.703,2026-04-19,2026-04-19,16,19,Sunday,180.0,3.0,False,VALID
6F206,INDIGO,DEL,BOM,DEL → BOM,2026-04-19 16:39:41.703,2026-04-19 20:59:41.703,2026-04-19,2026-04-19,16,20,Sunday,260.0,4.333333333333333,False,VALID
SJ204,SPICEJET,CCU,DEL,CCU → DEL,2026-04-19 16:34:41.703,2026-04-19 18:15:41.703,2026-04-19,2026-04-19,16,18,Sunday,101.0,1.6833333333333333,False,VALID
AI206,AIR INDIA,CCU,MAA,CCU → MAA,2026-04-19 16:30:41.703,2026-04-19 20:01:41.703,2026-04-19,2026-04-19,16,20,Sunday,211.0,3.5166666666666666,False,VALID
6F140,INDIGO,CCU,HYD,CCU → HYD,2026-04-19 16:30:41.702,2026-04-19 18:21:41.702,2026-04-19,2026-04-19,16,18,Sunday,111.0,1.85,False,VALID
6F253,UNKNOWN,MAA,BLR,MAA → BLR,2026-04-19 16:26:41.703,2026-04-19 18:24:41.703,2026-04-19,2026-04-19,16,18,Sunday,118.0,1.9666666666666666,False,VALID
SJ203,UNKNOWN,DEL,HYD,DEL → HYD,2026-04-19 16:22:41.703,2026-04-19 18:27:41.703,2026-04-19,2026-04-19,16,18,Sunday,125.0,2.0833333333333335,False,VALID
SJ161,SPICEJET,MAA,BLR,MAA → BLR,2026-04-19 16:22:41.703,2026-04-19 17:04:41.703,2026-04-19,2026-04-19,16,17,Sunday,42.0,0.7,False,VALID
AI098,AIR INDIA,HYD,MAA,HYD → MAA,2026-04-19 16:01:41.702,2026-04-19 18:11:41.702,2026-04-19,2026-04-19,16,18,Sunday,130.0,2.1666666666666665,False,VALID
AI168,UNKNOWN,DEL,CCU,DEL → CCU,2026-04-19 15:50:41.703,2026-04-19 20:20:41.703,2026-04-19,2026-04-19,15,20,Sunday,270.0,4.5,False,VALID
UK190,VISTARA,DEL,BLR,DEL → BLR,2026-04-19 15:49:41.703,2026-04-19 18:53:41.703,2026-04-19,2026-04-19,15,18,Sunday,184.0,3.066666666666667,False,VALID
AI085,AIR INDIA,DEL,HYD,DEL → HYD,2026-04-19 15:45:41.702,2026-04-19 20:33:41.702,2026-04-19,2026-04-19,15,20,Sunday,288.0,4.8,False,VALID
AI076,AIR INDIA,BLR,BOM,BLR → BOM,2026-04-19 15:37:41.702,2026-04-19 16:12:41.702,2026-04-19,2026-04-19,15,16,Sunday,35.0,0.5833333333333334,False,VALID
UK130,VISTARA,MAA,BLR,MAA → BLR,2026-04-19 15:36:41.702,2026-04-19 19:43:41.702,2026-04-19,2026-04-19,15,19,Sunday,247.0,4.116666666666666,False,VALID
6F038,INDIGO,HYD,MAA,HYD → MAA,2026-04-19 15:36:41.701,2026-04-19 19:33:41.701,2026-04-19,2026-04-19,15,19,Sunday,237.0,3.95,False,VALID
UK110,VISTARA,HYD,DEL,HYD → DEL,2026-04-19 15:26:41.702,2026-04-19 20:13:41.702,2026-04-19,2026-04-19,15,20,Sunday,287.0,4.783333333333333,False,VALID
SJ013,SPICEJET,DEL,MAA,DEL → MAA,2026-04-19 15:25:41.701,2026-04-19 19:54:41.701,2026-04-19,2026-04-19,15,19,Sunday,269.0,4.483333333333333,False,VALID
AI039,AIR INDIA,MAA,BLR,MAA → BLR,2026-04-19 15:24:41.701,2026-04-19 18:56:41.701,2026-04-19,2026-04-19,15,18,Sunday,212.0,3.533333333333333,False,VALID
AI248,AIR INDIA,CCU,DEL,CCU → DEL,2026-04-19 15:17:41.704,2026-04-19 16:35:41.704,2026-04-19,2026-04-19,15,16,Sunday,78.0,1.3,False,VALID
6F199,INDIGO,DEL,MAA,DEL → MAA,2026-04-19 15:15:41.703,2026-04-19 17:32:41.703,2026-04-19,2026-04-19,15,17,Sunday,137.0,2.283333333333333,False,VALID
AI225,AIR INDIA,BOM,BLR,BOM → BLR,2026-04-19 15:05:41.703,2026-04-19 16:01:41.703,2026-04-19,2026-04-19,15,16,Sunday,56.0,0.9333333333333333,False,VALID
SJ028,SPICEJET,CCU,BOM,CCU → BOM,2026-04-19 15:04:41.701,2026-04-19 19:32:41.701,2026-04-19,2026-04-19,15,19,Sunday,268.0,4.466666666666667,False,VALID
SJ012,SPICEJET,HYD,BLR,HYD → BLR,2026-04-19 15:01:41.701,2026-04-19 16:12:41.701,2026-04-19,2026-04-19,15,16,Sunday,71.0,1.1833333333333333,False,VALID
SJ131,SPICEJET,MAA,HYD,MAA → HYD,2026-04-19 15:00:41.702,2026-04-19 16:07:41.702,2026-04-19,2026-04-19,15,16,Sunday,67.0,1.1166666666666667,False,VALID
AI010,AIR INDIA,BOM,HYD,BOM → HYD,2026-04-19 15:00:41.701,2026-04-19 19:48:41.701,2026-04-19,2026-04-19,15,19,Sunday,288.0,4.8,False,VALID
6F020,INDIGO,BOM,HYD,BOM → HYD,2026-04-19 14:58:41.701,2026-04-19 16:43:41.701,2026-04-19,2026-04-19,14,16,Sunday,105.0,1.75,False,VALID
SJ038,SPICEJET,BLR,DEL,BLR → DEL,2026-04-19 14:57:41.701,2026-04-19 17:46:41.701,2026-04-19,2026-04-19,14,17,Sunday,169.0,2.816666666666667,False,VALID
UK204,VISTARA,BLR,DEL,BLR → DEL,2026-04-19 14:46:41.703,2026-04-19 16:24:41.703,2026-04-19,2026-04-19,14,16,Sunday,98.0,1.6333333333333333,False,VALID
AI036,AIR INDIA,BOM,CCU,BOM → CCU,2026-04-19 14:45:41.701,2026-04-19 16:16:41.701,2026-04-19,2026-04-19,14,16,Sunday,91.0,1.5166666666666666,False,VALID
AI100,UNKNOWN,CCU,BOM,CCU → BOM,2026-04-19 14:42:41.702,2026-04-19 18:22:41.702,2026-04-19,2026-04-19,14,18,Sunday,220.0,3.6666666666666665,False,VALID
SJ215,SPICEJET,CCU,DEL,CCU → DEL,2026-04-19 14:37:41.703,2026-04-19 16:12:41.703,2026-04-19,2026-04-19,14,16,Sunday,95.0,1.5833333333333333,False,VALID
UK155,VISTARA,MAA,HYD,MAA → HYD,2026-04-19 14:34:41.703,2026-04-19 18:37:41.703,2026-04-19,2026-04-19,14,18,Sunday,243.0,4.05,False,VALID
SJ173,SPICEJET,CCU,HYD,CCU → HYD,2026-04-19 14:27:41.703,2026-04-19 16:09:41.703,2026-04-19,2026-04-19,14,16,Sunday,102.0,1.7,False,VALID
UK179,VISTARA,DEL,HYD,DEL → HYD,2026-04-19 14:25:41.703,2026-04-19 19:15:41.703,2026-04-19,2026-04-19,14,19,Sunday,290.0,4.833333333333333,False,VALID
UK221,VISTARA,CCU,DEL,CCU → DEL,2026-04-19 14:18:41.704,2026-04-19 18:44:41.704,2026-04-19,2026-04-19,14,18,Sunday,266.0,4.433333333333334,False,VALID
UK023,VISTARA,DEL,MAA,DEL → MAA,2026-04-19 14:15:41.701,2026-04-19 19:03:41.701,2026-04-19,2026-04-19,14,19,Sunday,288.0,4.8,False,VALID
SJ107,SPICEJET,BOM,MAA,BOM → MAA,2026-04-19 14:10:41.702,2026-04-19 18:38:41.702,2026-04-19,2026-04-19,14,18,Sunday,268.0,4.466666666666667,False,VALID
AI073,AIR INDIA,BOM,BLR,BOM → BLR,2026-04-19 14:08:41.702,2026-04-19 16:10:41.702,2026-04-19,2026-04-19,14,16,Sunday,122.0,2.033333333333333,False,VALID
SJ187,SPICEJET,MAA,BLR,MAA → BLR,2026-04-19 14:07:41.703,2026-04-19 17:30:41.703,2026-04-19,2026-04-19,14,17,Sunday,203.0,3.3833333333333333,False,VALID
UK058,VISTARA,MAA,BOM,MAA → BOM,2026-04-19 13:46:41.701,2026-04-19 17:04:41.701,2026-04-19,2026-04-19,13,17,Sunday,198.0,3.3,False,VALID
SJ063,SPICEJET,MAA,BOM,MAA → BOM,2026-04-19 13:38:41.701,2026-04-19 15:23:41.701,2026-04-19,2026-04-19,13,15,Sunday,105.0,1.75,False,VALID
SJ062,SPICEJET,BLR,HYD,BLR → HYD,2026-04-19 13:37:41.701,2026-04-19 17:06:41.701,2026-04-19,2026-04-19,13,17,Sunday,209.0,3.4833333333333334,False,VALID
UK048,VISTARA,MAA,DEL,MAA → DEL,2026-04-19 13:36:41.701,2026-04-19 18:21:41.701,2026-04-19,2026-04-19,13,18,Sunday,285.0,4.75,False,VALID
AI181,AIR INDIA,MAA,HYD,MAA → HYD,2026-04-19 13:29:41.703,2026-04-19 16:55:41.703,2026-04-19,2026-04-19,13,16,Sunday,206.0,3.433333333333333,False,VALID
AI003,AIR INDIA,BLR,HYD,BLR → HYD,2026-04-19 13:27:41.701,2026-04-19 16:55:41.701,2026-04-19,2026-04-19,13,16,Sunday,208.0,3.466666666666667,False,VALID
6F041,INDIGO,MAA,BOM,MAA → BOM,2026-04-19 13:19:41.701,2026-04-19 16:48:41.701,2026-04-19,2026-04-19,13,16,Sunday,209.0,3.4833333333333334,False,VALID
6F175,INDIGO,MAA,CCU,MAA → CCU,2026-04-19 13:18:41.703,2026-04-19 15:13:41.703,2026-04-19,2026-04-19,13,15,Sunday,115.0,1.9166666666666667,False,VALID
6F013,INDIGO,BOM,CCU,BOM → CCU,2026-04-19 13:15:41.701,2026-04-19 18:05:41.701,2026-04-19,2026-04-19,13,18,Sunday,290.0,4.833333333333333,False,VALID
SJ040,SPICEJET,BOM,CCU,BOM → CCU,2026-04-19 13:12:41.701,2026-04-19 16:44:41.701,2026-04-19,2026-04-19,13,16,Sunday,212.0,3.533333333333333,False,VALID
SJ016,SPICEJET,HYD,CCU,HYD → CCU,2026-04-19 13:01:41.701,2026-04-19 16:26:41.701,2026-04-19,2026-04-19,13,16,Sunday,205.0,3.4166666666666665,False,VALID
6F135,INDIGO,MAA,HYD,MAA → HYD,2026-04-19 12:59:41.702,2026-04-19 13:45:41.702,2026-04-19,2026-04-19,12,13,Sunday,46.0,0.7666666666666667,False,VALID
6F150,INDIGO,HYD,MAA,HYD → MAA,2026-04-19 12:55:41.703,2026-04-19 16:53:41.703,2026-04-19,2026-04-19,12,16,Sunday,238.0,3.966666666666667,False,VALID
AI083,AIR INDIA,DEL,BOM,DEL → BOM,2026-04-19 12:54:41.702,2026-04-19 13:37:41.702,2026-04-19,2026-04-19,12,13,Sunday,43.0,0.7166666666666667,False,VALID
SJ166,SPICEJET,CCU,HYD,CCU → HYD,2026-04-19 12:51:41.703,2026-04-19 16:18:41.703,2026-04-19,2026-04-19,12,16,Sunday,207.0,3.45,False,VALID
SJ027,UNKNOWN,BOM,MAA,BOM → MAA,2026-04-19 12:50:41.701,2026-04-19 17:13:41.701,2026-04-19,2026-04-19,12,17,Sunday,263.0,4.383333333333334,False,VALID
6F134,INDIGO,BLR,MAA,BLR → MAA,2026-04-19 12:47:41.702,2026-04-19 14:06:41.702,2026-04-19,2026-04-19,12,14,Sunday,79.0,1.3166666666666667,False,VALID
UK225,VISTARA,MAA,BLR,MAA → BLR,2026-04-19 12:46:41.704,2026-04-19 15:02:41.704,2026-04-19,2026-04-19,12,15,Sunday,136.0,2.2666666666666666,False,VALID
SJ175,SPICEJET,MAA,BLR,MAA → BLR,2026-04-19 12:46:41.703,2026-04-19 16:50:41.703,2026-04-19,2026-04-19,12,16,Sunday,244.0,4.066666666666666,False,VALID
AI182,AIR INDIA,HYD,DEL,HYD → DEL,2026-04-19 12:41:41.703,2026-04-19 17:14:41.703,2026-04-19,2026-04-19,12,17,Sunday,273.0,4.55,False,VALID
AI190,AIR INDIA,BOM,CCU,BOM → CCU,2026-04-19 12:38:41.703,2026-04-19 15:56:41.703,2026-04-19,2026-04-19,12,15,Sunday,198.0,3.3,False,VALID
AI120,AIR INDIA,MAA,CCU,MAA → CCU,2026-04-19 12:12:41.702,2026-04-19 14:18:41.702,2026-04-19,2026-04-19,12,14,Sunday,126.0,2.1,False,VALID
6F132,INDIGO,MAA,BOM,MAA → BOM,2026-04-19 12:00:41.702,2026-04-19 13:00:42.000,2026-04-19,2026-04-19,12,13,Sunday,60.00496666666666,1.0000827777777777,False,VALID
UK102,VISTARA,HYD,CCU,HYD → CCU,2026-04-19 11:58:41.702,2026-04-19 14:01:41.702,2026-04-19,2026-04-19,11,14,Sunday,123.0,2.05,False,VALID
AI045,AIR INDIA,HYD,MAA,HYD → MAA,2026-04-19 11:58:41.701,2026-04-19 14:37:41.701,2026-04-19,2026-04-19,11,14,Sunday,159.0,2.65,False,VALID
UK136,VISTARA,HYD,CCU,HYD → CCU,2026-04-19 11:43:41.703,2026-04-19 15:26:41.703,2026-04-19,2026-04-19,11,15,Sunday,223.0,3.716666666666667,False,VALID
SJ238,SPICEJET,MAA,BLR,MAA → BLR,2026-04-19 11:41:41.704,2026-04-19 15:39:41.704,2026-04-19,2026-04-19,11,15,Sunday,238.0,3.966666666666667,False,VALID
AI193,AIR INDIA,MAA,HYD,MAA → HYD,2026-04-19 11:33:41.703,2026-04-19 16:07:41.703,2026-04-19,2026-04-19,11,16,Sunday,274.0,4.566666666666666,False,VALID
6F001,INDIGO,HYD,BOM,HYD → BOM,2026-04-19 11:33:41.700,2026-04-19 13:08:41.700,2026-04-19,2026-04-19,11,13,Sunday,95.0,1.5833333333333333,False,VALID
6F211,INDIGO,MAA,BLR,MAA → BLR,2026-04-19 11:29:41.703,2026-04-19 16:20:41.703,2026-04-19,2026-04-19,11,16,Sunday,291.0,4.85,False,VALID
SJ199,SPICEJET,HYD,BOM,HYD → BOM,2026-04-19 11:29:41.703,2026-04-19 13:59:41.703,2026-04-19,2026-04-19,11,13,Sunday,150.0,2.5,False,VALID
SJ050,SPICEJET,HYD,CCU,HYD → CCU,2026-04-19 11:24:41.701,2026-04-19 12:03:41.701,2026-04-19,2026-04-19,11,12,Sunday,39.0,0.65,False,VALID
UK115,VISTARA,BLR,BOM,BLR → BOM,2026-04-19 11:20:41.702,2026-04-19 13:20:42.000,2026-04-19,2026-04-19,11,13,Sunday,120.00496666666666,2.0000827777777777,False,VALID
AI037,UNKNOWN,BOM,BLR,BOM → BLR,2026-04-19 11:14:41.701,2026-04-19 15:13:41.701,2026-04-19,2026-04-19,11,15,Sunday,239.0,3.9833333333333334,False,VALID
6F235,INDIGO,HYD,MAA,HYD → MAA,2026-04-19 11:06:41.704,2026-04-19 13:51:41.704,2026-04-19,2026-04-19,11,13,Sunday,165.0,2.75,False,VALID
UK111,VISTARA,MAA,BLR,MAA → BLR,2026-04-19 11:06:41.702,2026-04-19 12:20:41.702,2026-04-19,2026-04-19,11,12,Sunday,74.0,1.2333333333333334,False,VALID
6F005,INDIGO,BOM,MAA,BOM → MAA,2026-04-19 11:04:41.701,2026-04-19 15:27:41.701,2026-04-19,2026-04-19,11,15,Sunday,263.0,4.383333333333334,False,VALID
AI198,AIR INDIA,CCU,MAA,CCU → MAA,2026-04-19 10:56:41.703,2026-04-19 14:19:41.703,2026-04-19,2026-04-19,10,14,Sunday,203.0,3.3833333333333333,False,VALID
UK184,VISTARA,MAA,HYD,MAA → HYD,2026-04-19 10:49:41.703,2026-04-19 13:00:41.703,2026-04-19,2026-04-19,10,13,Sunday,131.0,2.183333333333333,False,VALID
6F219,INDIGO,MAA,DEL,MAA → DEL,2026-04-19 10:32:41.704,2026-04-19 14:37:41.704,2026-04-19,2026-04-19,10,14,Sunday,245.0,4.083333333333333,False,VALID
UK066,VISTARA,BOM,CCU,BOM → CCU,2026-04-19 10:29:41.701,2026-04-19 12:07:41.701,2026-04-19,2026-04-19,10,12,Sunday,98.0,1.6333333333333333,False,VALID
6F220,INDIGO,HYD,BOM,HYD → BOM,2026-04-19 10:27:41.704,2026-04-19 11:25:41.704,2026-04-19,2026-04-19,10,11,Sunday,58.0,0.9666666666666667,False,VALID
AI180,AIR INDIA,BOM,CCU,BOM → CCU,2026-04-19 10:19:41.703,2026-04-19 11:00:41.703,2026-04-19,2026-04-19,10,11,Sunday,41.0,0.6833333333333333,False,VALID
6F098,INDIGO,BLR,MAA,BLR → MAA,2026-04-19 10:18:41.702,2026-04-19 12:49:41.702,2026-04-19,2026-04-19,10,12,Sunday,151.0,2.5166666666666666,False,VALID
AI141,AIR INDIA,BLR,DEL,BLR → DEL,2026-04-19 10:16:41.702,2026-04-19 14:53:41.702,2026-04-19,2026-04-19,10,14,Sunday,277.0,4.616666666666666,False,VALID
SJ170,SPICEJET,BLR,BOM,BLR → BOM,2026-04-19 10:11:41.703,2026-04-19 11:56:41.703,2026-04-19,2026-04-19,10,11,Sunday,105.0,1.75,False,VALID
SJ178,SPICEJET,BOM,HYD,BOM → HYD,2026-04-19 09:58:41.703,2026-04-19 12:27:41.703,2026-04-19,2026-04-19,9,12,Sunday,149.0,2.4833333333333334,False,VALID
6F172,INDIGO,BOM,BLR,BOM → BLR,2026-04-19 09:53:41.703,2026-04-19 14:46:41.703,2026-04-19,2026-04-19,9,14,Sunday,293.0,4.883333333333334,False,VALID
UK220,VISTARA,BLR,BOM,BLR → BOM,2026-04-19 09:51:41.704,2026-04-19 13:25:41.704,2026-04-19,2026-04-19,9,13,Sunday,214.0,3.566666666666667,False,VALID
SJ148,SPICEJET,DEL,BLR,DEL → BLR,2026-04-19 09:51:41.702,2026-04-19 13:41:41.702,2026-04-19,2026-04-19,9,13,Sunday,230.0,3.8333333333333335,False,VALID
UK065,VISTARA,BOM,CCU,BOM → CCU,2026-04-19 09:38:41.701,2026-04-19 13:46:41.701,2026-04-19,2026-04-19,9,13,Sunday,248.0,4.133333333333334,False,VALID
6F243,INDIGO,BOM,HYD,BOM → HYD,2026-04-19 09:37:41.704,2026-04-19 10:33:41.704,2026-04-19,2026-04-19,9,10,Sunday,56.0,0.9333333333333333,False,VALID
SJ193,SPICEJET,CCU,DEL,CCU → DEL,2026-04-19 09:37:41.703,2026-04-19 12:16:41.703,2026-04-19,2026-04-19,9,12,Sunday,159.0,2.65,False,VALID
UK056,VISTARA,HYD,MAA,HYD → MAA,2026-04-19 09:29:41.701,2026-04-19 10:15:41.701,2026-04-19,2026-04-19,9,10,Sunday,46.0,0.7666666666666667,False,VALID
AI219,UNKNOWN,BLR,DEL,BLR → DEL,2026-04-19 09:28:41.703,2026-04-19 11:27:41.703,2026-04-19,2026-04-19,9,11,Sunday,119.0,1.9833333333333334,False,VALID
SJ073,SPICEJET,CCU,BLR,CCU → BLR,2026-04-19 09:26:41.701,2026-04-19 11:14:41.701,2026-04-19,2026-04-19,9,11,Sunday,108.0,1.8,False,VALID
6F052,INDIGO,BOM,CCU,BOM → CCU,2026-04-19 09:13:41.701,2026-04-19 12:02:41.701,2026-04-19,2026-04-19,9,12,Sunday,169.0,2.816666666666667,False,VALID
SJ201,SPICEJET,BLR,DEL,BLR → DEL,2026-04-19 09:10:41.703,2026-04-19 11:12:41.703,2026-04-19,2026-04-19,9,11,Sunday,122.0,2.033333333333333,False,VALID
UK028,VISTARA,HYD,MAA,HYD → MAA,2026-04-19 09:02:41.701,2026-04-19 10:37:41.701,2026-04-19,2026-04-19,9,10,Sunday,95.0,1.5833333333333333,False,VALID
SJ119,SPICEJET,BOM,CCU,BOM → CCU,2026-04-19 08:53:41.702,2026-04-19 11:29:41.702,2026-04-19,2026-04-19,8,11,Sunday,156.0,2.6,False,VALID
AI165,AIR INDIA,DEL,CCU,DEL → CCU,2026-04-19 08:51:41.703,2026-04-19 10:31:41.703,2026-04-19,2026-04-19,8,10,Sunday,100.0,1.6666666666666667,False,VALID
AI255,AIR INDIA,MAA,CCU,MAA → CCU,2026-04-19 08:45:41.704,2026-04-19 13:12:41.704,2026-04-19,2026-04-19,8,13,Sunday,267.0,4.45,False,VALID
AI202,AIR INDIA,HYD,BLR,HYD → BLR,2026-04-19 08:44:41.703,2026-04-19 10:53:41.703,2026-04-19,2026-04-19,8,10,Sunday,129.0,2.15,False,VALID
SJ039,SPICEJET,MAA,BOM,MAA → BOM,2026-04-19 08:41:41.701,2026-04-19 12:08:41.701,2026-04-19,2026-04-19,8,12,Sunday,207.0,3.45,False,VALID
SJ051,UNKNOWN,BOM,BLR,BOM → BLR,2026-04-19 08:40:41.701,2026-04-19 12:18:41.701,2026-04-19,2026-04-19,8,12,Sunday,218.0,3.6333333333333333,False,VALID
UK024,VISTARA,MAA,BLR,MAA → BLR,2026-04-19 08:29:41.701,2026-04-19 13:29:41.701,2026-04-19,2026-04-19,8,13,Sunday,300.0,5.0,False,VALID
SJ006,SPICEJET,HYD,BLR,HYD → BLR,2026-04-19 08:25:41.701,2026-04-19 08:57:41.701,2026-04-19,2026-04-19,8,8,Sunday,32.0,0.5333333333333333,False,VALID
AI207,AIR INDIA,BOM,MAA,BOM → MAA,2026-04-19 08:24:41.703,2026-04-19 11:23:41.703,2026-04-19,2026-04-19,8,11,Sunday,179.0,2.9833333333333334,False,VALID
SJ168,SPICEJET,CCU,BOM,CCU → BOM,2026-04-19 08:17:41.703,2026-04-19 12:29:41.703,2026-04-19,2026-04-19,8,12,Sunday,252.0,4.2,False,VALID
AI028,AIR INDIA,HYD,BOM,HYD → BOM,2026-04-19 07:53:41.701,2026-04-19 08:35:41.701,2026-04-19,2026-04-19,7,8,Sunday,42.0,0.7,False,VALID
6F094,INDIGO,BLR,BOM,BLR → BOM,2026-04-19 07:37:41.702,2026-04-19 09:06:41.702,2026-04-19,2026-04-19,7,9,Sunday,89.0,1.4833333333333334,False,VALID
6F024,INDIGO,BOM,DEL,BOM → DEL,2026-04-19 07:31:41.701,2026-04-19 11:17:41.701,2026-04-19,2026-04-19,7,11,Sunday,226.0,3.7666666666666666,False,VALID
6F061,INDIGO,MAA,BOM,MAA → BOM,2026-04-19 07:28:41.701,2026-04-19 08:09:41.701,2026-04-19,2026-04-19,7,8,Sunday,41.0,0.6833333333333333,False,VALID
AI032,AIR INDIA,MAA,BLR,MAA → BLR,2026-04-19 07:26:41.701,2026-04-19 09:26:42.000,2026-04-19,2026-04-19,7,9,Sunday,120.00498333333333,2.0000830555555553,False,VALID
UK163,VISTARA,DEL,HYD,DEL → HYD,2026-04-19 07:22:41.703,2026-04-19 09:04:41.703,2026-04-19,2026-04-19,7,9,Sunday,102.0,1.7,False,VALID
UK163,VISTARA,DEL,HYD,DEL → HYD,2026-04-19 07:22:41.703,2026-04-19 09:04:41.703,2026-04-19,2026-04-19,7,9,Sunday,102.0,1.7,False,VALID
SJ067,SPICEJET,MAA,BLR,MAA → BLR,2026-04-19 07:17:41.701,2026-04-19 08:16:41.701,2026-04-19,2026-04-19,7,8,Sunday,59.0,0.9833333333333333,False,VALID
SJ106,SPICEJET,CCU,DEL,CCU → DEL,2026-04-19 07:16:41.702,2026-04-19 09:40:41.702,2026-04-19,2026-04-19,7,9,Sunday,144.0,2.4,False,VALID
AI086,AIR INDIA,CCU,HYD,CCU → HYD,2026-04-19 07:13:41.702,2026-04-19 10:09:41.702,2026-04-19,2026-04-19,7,10,Sunday,176.0,2.933333333333333,False,VALID
6F263,UNKNOWN,DEL,HYD,DEL → HYD,2026-04-19 07:07:41.703,2026-04-19 08:30:41.703,2026-04-19,2026-04-19,7,8,Sunday,83.0,1.3833333333333333,False,VALID
6F163,INDIGO,MAA,BOM,MAA → BOM,2026-04-19 06:49:41.703,2026-04-19 10:46:41.703,2026-04-19,2026-04-19,6,10,Sunday,237.0,3.95,False,VALID
SJ064,SPICEJET,CCU,DEL,CCU → DEL,2026-04-19 06:29:41.701,2026-04-19 08:43:41.701,2026-04-19,2026-04-19,6,8,Sunday,134.0,2.2333333333333334,False,VALID
UK118,VISTARA,HYD,BLR,HYD → BLR,2026-04-19 06:22:41.702,2026-04-19 07:22:42.000,2026-04-19,2026-04-19,6,7,Sunday,60.00496666666666,1.0000827777777777,False,VALID
UK022,VISTARA,DEL,HYD,DEL → HYD,2026-04-19 06:22:41.701,2026-04-19 10:59:41.701,2026-04-19,2026-04-19,6,10,Sunday,277.0,4.616666666666666,False,VALID
UK099,VISTARA,BOM,MAA,BOM → MAA,2026-04-19 06:16:41.702,2026-04-19 10:24:41.702,2026-04-19,2026-04-19,6,10,Sunday,248.0,4.133333333333334,False,VALID
6F212,INDIGO,BLR,CCU,BLR → CCU,2026-04-19 06:10:41.703,2026-04-19 10:52:41.703,2026-04-19,2026-04-19,6,10,Sunday,282.0,4.7,False,VALID
AI023,AIR INDIA,HYD,BLR,HYD → BLR,2026-04-19 06:10:41.701,2026-04-19 09:35:41.701,2026-04-19,2026-04-19,6,9,Sunday,205.0,3.4166666666666665,False,VALID
SJ245,SPICEJET,BOM,DEL,BOM → DEL,2026-04-19 06:07:41.704,2026-04-19 09:39:41.704,2026-04-19,2026-04-19,6,9,Sunday,212.0,3.533333333333333,False,VALID
6F066,INDIGO,BLR,HYD,BLR → HYD,2026-04-19 06:07:41.701,2026-04-19 07:43:41.701,2026-04-19,2026-04-19,6,7,Sunday,96.0,1.6,False,VALID
AI138,AIR INDIA,DEL,CCU,DEL → CCU,2026-04-19 05:50:41.702,2026-04-19 06:40:41.702,2026-04-19,2026-04-19,5,6,Sunday,50.0,0.8333333333333334,False,VALID
SJ021,SPICEJET,HYD,BLR,HYD → BLR,2026-04-19 05:48:41.701,2026-04-19 09:46:41.701,2026-04-19,2026-04-19,5,9,Sunday,238.0,3.966666666666667,False,VALID
SJ136,SPICEJET,HYD,BLR,HYD → BLR,2026-04-19 05:45:41.702,2026-04-19 08:04:41.702,2026-04-19,2026-04-19,5,8,Sunday,139.0,2.316666666666667,False,VALID
AI148,AIR INDIA,HYD,MAA,HYD → MAA,2026-04-19 05:41:41.703,2026-04-19 08:32:41.703,2026-04-19,2026-04-19,5,8,Sunday,171.0,2.85,False,VALID
SJ014,SPICEJET,BOM,HYD,BOM → HYD,2026-04-19 05:40:41.701,2026-04-19 06:39:41.701,2026-04-19,2026-04-19,5,6,Sunday,59.0,0.9833333333333333,False,VALID
6F104,INDIGO,CCU,BOM,CCU → BOM,2026-04-19 05:39:41.702,2026-04-19 06:14:41.702,2026-04-19,2026-04-19,5,6,Sunday,35.0,0.5833333333333334,False,VALID
SJ121,SPICEJET,CCU,DEL,CCU → DEL,2026-04-19 05:32:41.702,2026-04-19 06:47:41.702,2026-04-19,2026-04-19,5,6,Sunday,75.0,1.25,False,VALID
UK174,VISTARA,CCU,DEL,CCU → DEL,2026-04-19 05:27:41.703,2026-04-19 07:47:41.703,2026-04-19,2026-04-19,5,7,Sunday,140.0,2.3333333333333335,False,VALID
AI033,AIR INDIA,MAA,CCU,MAA → CCU,2026-04-19 05:25:41.701,2026-04-19 10:21:41.701,2026-04-19,2026-04-19,5,10,Sunday,296.0,4.933333333333334,False,VALID
SJ122,SPICEJET,CCU,BOM,CCU → BOM,2026-04-19 05:22:41.702,2026-04-19 10:09:41.702,2026-04-19,2026-04-19,5,10,Sunday,287.0,4.783333333333333,False,VALID
UK095,VISTARA,BOM,MAA,BOM → MAA,2026-04-19 05:22:41.702,2026-04-19 07:36:41.702,2026-04-19,2026-04-19,5,7,Sunday,134.0,2.2333333333333334,False,VALID
SJ026,SPICEJET,CCU,MAA,CCU → MAA,2026-04-19 05:22:41.701,2026-04-19 09:40:41.701,2026-04-19,2026-04-19,5,9,Sunday,258.0,4.3,False,VALID
6F221,INDIGO,MAA,DEL,MAA → DEL,2026-04-19 05:20:41.704,2026-04-19 08:52:41.704,2026-04-19,2026-04-19,5,8,Sunday,212.0,3.533333333333333,False,VALID
SJ103,SPICEJET,MAA,BLR,MAA → BLR,2026-04-19 05:16:41.702,2026-04-19 08:56:41.702,2026-04-19,2026-04-19,5,8,Sunday,220.0,3.6666666666666665,False,VALID
SJ011,SPICEJET,BOM,MAA,BOM → MAA,2026-04-19 05:14:41.701,2026-04-19 09:59:41.701,2026-04-19,2026-04-19,5,9,Sunday,285.0,4.75,False,VALID
AI002,AIR INDIA,HYD,BLR,HYD → BLR,2026-04-19 05:12:41.700,2026-04-19 07:12:41.700,2026-04-19,2026-04-19,5,7,Sunday,120.0,2.0,False,VALID
AI046,UNKNOWN,DEL,BOM,DEL → BOM,2026-04-19 05:09:41.701,2026-04-19 08:00:41.701,2026-04-19,2026-04-19,5,8,Sunday,171.0,2.85,False,VALID
SJ053,SPICEJET,CCU,DEL,CCU → DEL,2026-04-19 05:00:41.701,2026-04-19 06:38:41.701,2026-04-19,2026-04-19,5,6,Sunday,98.0,1.6333333333333333,False,VALID
AI236,AIR INDIA,DEL,BOM,DEL → BOM,2026-04-19 04:52:41.704,2026-04-19 09:11:41.704,2026-04-19,2026-04-19,4,9,Sunday,259.0,4.316666666666666,False,VALID
AI254,AIR INDIA,CCU,HYD,CCU → HYD,2026-04-19 04:46:41.704,2026-04-19 08:06:41.704,2026-04-19,2026-04-19,4,8,Sunday,200.0,3.3333333333333335,False,VALID
6F063,INDIGO,DEL,HYD,DEL → HYD,2026-04-19 04:42:41.701,2026-04-19 07:31:41.701,2026-04-19,2026-04-19,4,7,Sunday,169.0,2.816666666666667,False,VALID
6F115,INDIGO,MAA,BLR,MAA → BLR,2026-04-19 04:41:41.702,2026-04-19 06:23:41.702,2026-04-19,2026-04-19,4,6,Sunday,102.0,1.7,False,VALID
UK070,VISTARA,BOM,DEL,BOM → DEL,2026-04-19 04:36:41.701,2026-04-19 06:49:41.701,2026-04-19,2026-04-19,4,6,Sunday,133.0,2.216666666666667,False,VALID
SJ147,SPICEJET,BLR,CCU,BLR → CCU,2026-04-19 04:30:41.702,2026-04-19 08:52:41.702,2026-04-19,2026-04-19,4,8,Sunday,262.0,4.366666666666666,False,VALID
UK201,VISTARA,HYD,BOM,HYD → BOM,2026-04-19 04:29:41.703,2026-04-19 06:42:41.703,2026-04-19,2026-04-19,4,6,Sunday,133.0,2.216666666666667,False,VALID
SJ234,SPICEJET,BLR,CCU,BLR → CCU,2026-04-19 04:20:41.704,2026-04-19 06:23:41.704,2026-04-19,2026-04-19,4,6,Sunday,123.0,2.05,False,VALID
AI176,AIR INDIA,BLR,DEL,BLR → DEL,2026-04-19 04:20:41.703,2026-04-19 06:25:41.703,2026-04-19,2026-04-19,4,6,Sunday,125.0,2.0833333333333335,False,VALID
SJ045,SPICEJET,DEL,MAA,DEL → MAA,2026-04-19 04:16:41.701,2026-04-19 09:03:41.701,2026-04-19,2026-04-19,4,9,Sunday,287.0,4.783333333333333,False,VALID
SJ174,SPICEJET,CCU,DEL,CCU → DEL,2026-04-19 04:09:41.703,2026-04-19 05:04:41.703,2026-04-19,2026-04-19,4,5,Sunday,55.0,0.9166666666666666,False,VALID
AI007,AIR INDIA,MAA,DEL,MAA → DEL,2026-04-19 04:01:41.701,2026-04-19 06:01:42.000,2026-04-19,2026-04-19,4,6,Sunday,120.00498333333333,2.0000830555555553,False,VALID
AI143,AIR INDIA,CCU,DEL,CCU → DEL,2026-04-19 03:58:41.702,2026-04-19 04:36:41.702,2026-04-19,2026-04-19,3,4,Sunday,38.0,0.6333333333333333,False,VALID
SJ241,SPICEJET,DEL,HYD,DEL → HYD,2026-04-19 03:57:41.704,2026-04-19 06:36:41.704,2026-04-19,2026-04-19,3,6,Sunday,159.0,2.65,False,VALID
AI020,UNKNOWN,BOM,BLR,BOM → BLR,2026-04-19 03:53:41.701,2026-04-19 06:21:41.701,2026-04-19,2026-04-19,3,6,Sunday,148.0,2.466666666666667,False,VALID
AI020,UNKNOWN,BOM,BLR,BOM → BLR,2026-04-19 03:53:41.701,2026-04-19 06:21:41.701,2026-04-19,2026-04-19,3,6,Sunday,148.0,2.466666666666667,False,VALID
UK031,VISTARA,CCU,DEL,CCU → DEL,2026-04-19 03:45:41.701,2026-04-19 07:20:41.701,2026-04-19,2026-04-19,3,7,Sunday,215.0,3.5833333333333335,False,VALID
AI013,AIR INDIA,HYD,BLR,HYD → BLR,2026-04-19 03:41:41.701,2026-04-19 04:58:41.701,2026-04-19,2026-04-19,3,4,Sunday,77.0,1.2833333333333334,False,VALID
AI249,AIR INDIA,BLR,HYD,BLR → HYD,2026-04-19 03:38:41.704,2026-04-19 06:27:41.704,2026-04-19,2026-04-19,3,6,Sunday,169.0,2.816666666666667,False,VALID
UK046,VISTARA,CCU,DEL,CCU → DEL,2026-04-19 03:37:41.701,2026-04-19 06:05:41.701,2026-04-19,2026-04-19,3,6,Sunday,148.0,2.466666666666667,False,VALID
UK168,VISTARA,BLR,CCU,BLR → CCU,2026-04-19 03:20:41.703,2026-04-19 04:09:41.703,2026-04-19,2026-04-19,3,4,Sunday,49.0,0.8166666666666667,False,VALID
AI022,AIR INDIA,BOM,MAA,BOM → MAA,2026-04-19 03:15:41.701,2026-04-19 05:10:41.701,2026-04-19,2026-04-19,3,5,Sunday,115.0,1.9166666666666667,False,VALID
UK218,VISTARA,MAA,BLR,MAA → BLR,2026-04-19 03:12:41.704,2026-04-19 07:22:41.704,2026-04-19,2026-04-19,3,7,Sunday,250.0,4.166666666666667,False,VALID
UK142,VISTARA,BLR,DEL,BLR → DEL,2026-04-19 03:03:41.703,2026-04-19 07:13:41.703,2026-04-19,2026-04-19,3,7,Sunday,250.0,4.166666666666667,False,VALID
6F067,INDIGO,MAA,BLR,MAA → BLR,2026-04-19 02:59:41.701,2026-04-19 06:02:41.701,2026-04-19,2026-04-19,2,6,Sunday,183.0,3.05,False,VALID
SJ217,SPICEJET,BOM,CCU,BOM → CCU,2026-04-19 02:57:41.703,2026-04-19 06:04:41.703,2026-04-19,2026-04-19,2,6,Sunday,187.0,3.1166666666666667,False,VALID
SJ143,SPICEJET,DEL,BOM,DEL → BOM,2026-04-19 02:55:41.702,2026-04-19 03:52:41.702,2026-04-19,2026-04-19,2,3,Sunday,57.0,0.95,False,VALID
AI243,UNKNOWN,BLR,BOM,BLR → BOM,2026-04-19 02:50:41.704,2026-04-19 05:09:41.704,2026-04-19,2026-04-19,2,5,Sunday,139.0,2.316666666666667,False,VALID
SJ246,SPICEJET,BOM,DEL,BOM → DEL,2026-04-19 02:47:41.704,2026-04-19 03:47:42.000,2026-04-19,2026-04-19,2,3,Sunday,60.004933333333334,1.0000822222222223,False,VALID
6F170,INDIGO,HYD,DEL,HYD → DEL,2026-04-19 02:44:41.703,2026-04-19 04:14:41.703,2026-04-19,2026-04-19,2,4,Sunday,90.0,1.5,False,VALID
UK157,VISTARA,CCU,BOM,CCU → BOM,2026-04-19 02:41:41.703,2026-04-19 03:41:42.000,2026-04-19,2026-04-19,2,3,Sunday,60.00495,1.0000825,False,VALID
UK172,VISTARA,DEL,BOM,DEL → BOM,2026-04-19 02:20:41.703,2026-04-19 05:21:41.703,2026-04-19,2026-04-19,2,5,Sunday,181.0,3.0166666666666666,False,VALID
SJ139,SPICEJET,DEL,BLR,DEL → BLR,2026-04-19 02:20:41.702,2026-04-19 06:02:41.702,2026-04-19,2026-04-19,2,6,Sunday,222.0,3.7,False,VALID
UK085,VISTARA,MAA,DEL,MAA → DEL,2026-04-19 02:15:41.702,2026-04-19 03:17:41.702,2026-04-19,2026-04-19,2,3,Sunday,62.0,1.0333333333333334,False,VALID
6F079,INDIGO,MAA,HYD,MAA → HYD,2026-04-19 02:14:41.702,2026-04-19 06:18:41.702,2026-04-19,2026-04-19,2,6,Sunday,244.0,4.066666666666666,False,VALID
SJ032,SPICEJET,MAA,BOM,MAA → BOM,2026-04-19 02:11:41.701,2026-04-19 04:33:41.701,2026-04-19,2026-04-19,2,4,Sunday,142.0,2.3666666666666667,False,VALID
6F182,INDIGO,BOM,CCU,BOM → CCU,2026-04-19 02:10:41.703,2026-04-19 04:18:41.703,2026-04-19,2026-04-19,2,4,Sunday,128.0,2.1333333333333333,False,VALID
AI106,AIR INDIA,HYD,BLR,HYD → BLR,2026-04-19 02:07:41.702,2026-04-19 03:20:41.702,2026-04-19,2026-04-19,2,3,Sunday,73.0,1.2166666666666666,False,VALID
AI200,AIR INDIA,HYD,MAA,HYD → MAA,2026-04-19 02:05:41.703,2026-04-19 05:29:41.703,2026-04-19,2026-04-19,2,5,Sunday,204.0,3.4,False,VALID
6F142,INDIGO,CCU,MAA,CCU → MAA,2026-04-19 02:05:41.702,2026-04-19 06:04:41.702,2026-04-19,2026-04-19,2,6,Sunday,239.0,3.9833333333333334,False,VALID
SJ079,SPICEJET,HYD,DEL,HYD → DEL,2026-04-19 01:58:41.702,2026-04-19 05:02:41.702,2026-04-19,2026-04-19,1,5,Sunday,184.0,3.066666666666667,False,VALID
SJ082,SPICEJET,BOM,DEL,BOM → DEL,2026-04-19 01:54:41.702,2026-04-19 02:33:41.702,2026-04-19,2026-04-19,1,2,Sunday,39.0,0.65,False,VALID
SJ110,SPICEJET,CCU,DEL,CCU → DEL,2026-04-19 01:47:41.702,2026-04-19 02:20:41.702,2026-04-19,2026-04-19,1,2,Sunday,33.0,0.55,False,VALID
6F262,UNKNOWN,MAA,DEL,MAA → DEL,2026-04-19 01:44:41.702,2026-04-19 02:47:41.702,2026-04-19,2026-04-19,1,2,Sunday,63.0,1.05,False,VALID
UK143,VISTARA,BLR,BOM,BLR → BOM,2026-04-19 01:34:41.703,2026-04-19 02:48:41.703,2026-04-19,2026-04-19,1,2,Sunday,74.0,1.2333333333333334,False,VALID
6F269,UNKNOWN,HYD,MAA,HYD → MAA,2026-04-19 01:30:41.702,2026-04-19 02:52:41.702,2026-04-19,2026-04-19,1,2,Sunday,82.0,1.3666666666666667,False,VALID
6F214,INDIGO,BOM,CCU,BOM → CCU,2026-04-19 01:21:41.703,2026-04-19 05:20:41.703,2026-04-19,2026-04-19,1,5,Sunday,239.0,3.9833333333333334,False,VALID
SJ213,SPICEJET,BOM,CCU,BOM → CCU,2026-04-19 01:19:41.703,2026-04-19 04:48:41.703,2026-04-19,2026-04-19,1,4,Sunday,209.0,3.4833333333333334,False,VALID
SJ072,SPICEJET,DEL,HYD,DEL → HYD,2026-04-19 01:18:41.701,2026-04-19 04:08:41.701,2026-04-19,2026-04-19,1,4,Sunday,170.0,2.8333333333333335,False,VALID
6F059,INDIGO,BOM,DEL,BOM → DEL,2026-04-19 01:12:41.701,2026-04-19 06:02:41.701,2026-04-19,2026-04-19,1,6,Sunday,290.0,4.833333333333333,False,VALID
UK202,VISTARA,DEL,HYD,DEL → HYD,2026-04-19 01:11:41.703,2026-04-19 05:37:41.703,2026-04-19,2026-04-19,1,5,Sunday,266.0,4.433333333333334,False,VALID
UK037,VISTARA,BLR,BOM,BLR → BOM,2026-04-19 01:10:41.701,2026-04-19 05:12:41.701,2026-04-19,2026-04-19,1,5,Sunday,242.0,4.033333333333333,False,VALID
UK069,VISTARA,CCU,DEL,CCU → DEL,2026-04-19 01:10:41.701,2026-04-19 03:23:41.701,2026-04-19,2026-04-19,1,3,Sunday,133.0,2.216666666666667,False,VALID
SJ118,SPICEJET,DEL,BOM,DEL → BOM,2026-04-19 01:08:41.702,2026-04-19 02:33:41.702,2026-04-19,2026-04-19,1,2,Sunday,85.0,1.4166666666666667,False,VALID
SJ118,SPICEJET,DEL,BOM,DEL → BOM,2026-04-19 01:08:41.702,2026-04-19 02:33:41.702,2026-04-19,2026-04-19,1,2,Sunday,85.0,1.4166666666666667,False,VALID
6F145,INDIGO,CCU,DEL,CCU → DEL,2026-04-19 01:02:41.703,2026-04-19 02:18:41.703,2026-04-19,2026-04-19,1,2,Sunday,76.0,1.2666666666666666,False,VALID
UK097,VISTARA,HYD,BOM,HYD → BOM,2026-04-19 00:49:41.702,2026-04-19 05:00:41.702,2026-04-19,2026-04-19,0,5,Sunday,251.0,4.183333333333334,False,VALID
6F117,INDIGO,CCU,DEL,CCU → DEL,2026-04-19 00:46:41.702,2026-04-19 01:51:41.702,2026-04-19,2026-04-19,0,1,Sunday,65.0,1.0833333333333333,False,VALID
6F226,INDIGO,DEL,BOM,DEL → BOM,2026-04-19 00:38:41.704,2026-04-19 02:55:41.704,2026-04-19,2026-04-19,0,2,Sunday,137.0,2.283333333333333,False,VALID
6F050,INDIGO,DEL,BOM,DEL → BOM,2026-04-19 00:35:41.701,2026-04-19 04:32:41.701,2026-04-19,2026-04-19,0,4,Sunday,237.0,3.95,False,VALID
UK196,VISTARA,BOM,HYD,BOM → HYD,2026-04-19 00:32:41.703,2026-04-19 04:49:41.703,2026-04-19,2026-04-19,0,4,Sunday,257.0,4.283333333333333,False,VALID
SJ086,SPICEJET,CCU,DEL,CCU → DEL,2026-04-19 00:32:41.702,2026-04-19 04:17:41.702,2026-04-19,2026-04-19,0,4,Sunday,225.0,3.75,False,VALID
AI134,AIR INDIA,HYD,BOM,HYD → BOM,2026-04-19 00:28:41.702,2026-04-19 04:23:41.702,2026-04-19,2026-04-19,0,4,Sunday,235.0,3.9166666666666665,False,VALID
AI043,AIR INDIA,CCU,DEL,CCU → DEL,2026-04-19 00:28:41.701,2026-04-19 04:37:41.701,2026-04-19,2026-04-19,0,4,Sunday,249.0,4.15,False,VALID
AI043,AIR INDIA,CCU,DEL,CCU → DEL,2026-04-19 00:28:41.701,2026-04-19 04:37:41.701,2026-04-19,2026-04-19,0,4,Sunday,249.0,4.15,False,VALID
UK119,VISTARA,BOM,CCU,BOM → CCU,2026-04-19 00:21:41.702,2026-04-19 04:38:41.702,2026-04-19,2026-04-19,0,4,Sunday,257.0,4.283333333333333,False,VALID
SJ181,SPICEJET,BOM,BLR,BOM → BLR,2026-04-19 00:20:41.703,2026-04-19 01:49:41.703,2026-04-19,2026-04-19,0,1,Sunday,89.0,1.4833333333333334,False,VALID
AI070,AIR INDIA,CCU,DEL,CCU → DEL,2026-04-19 00:05:41.702,2026-04-19 01:44:41.702,2026-04-19,2026-04-19,0,1,Sunday,99.0,1.65,False,VALID
AI070,AIR INDIA,CCU,DEL,CCU → DEL,2026-04-19 00:05:41.702,2026-04-19 01:44:41.702,2026-04-19,2026-04-19,0,1,Sunday,99.0,1.65,False,VALID
6F233,INDIGO,BLR,BOM,BLR → BOM,2026-04-18 23:56:41.704,2026-04-19 03:53:41.704,2026-04-18,2026-04-19,23,3,Saturday,237.0,3.95,True,VALID
UK013,VISTARA,BOM,MAA,BOM → MAA,2026-04-18 23:52:41.701,2026-04-19 02:52:41.701,2026-04-18,2026-04-19,23,2,Saturday,180.0,3.0,True,VALID
UK013,VISTARA,BOM,MAA,BOM → MAA,2026-04-18 23:52:41.701,2026-04-19 02:52:41.701,2026-04-18,2026-04-19,23,2,Saturday,180.0,3.0,True,VALID
6F015,INDIGO,BOM,CCU,BOM → CCU,2026-04-18 23:39:41.701,2026-04-19 02:27:41.701,2026-04-18,2026-04-19,23,2,Saturday,168.0,2.8,True,VALID
SJ247,SPICEJET,DEL,BOM,DEL → BOM,2026-04-18 23:38:41.704,2026-04-19 03:43:41.704,2026-04-18,2026-04-19,23,3,Saturday,245.0,4.083333333333333,True,VALID
AI067,AIR INDIA,HYD,DEL,HYD → DEL,2026-04-18 23:36:41.701,2026-04-19 03:09:41.701,2026-04-18,2026-04-19,23,3,Saturday,213.0,3.55,True,VALID
AI211,AIR INDIA,DEL,CCU,DEL → CCU,2026-04-18 23:34:41.703,2026-04-19 01:21:41.703,2026-04-18,2026-04-19,23,1,Saturday,107.0,1.7833333333333334,True,VALID
UK029,VISTARA,DEL,BOM,DEL → BOM,2026-04-18 23:26:41.701,2026-04-19 02:15:41.701,2026-04-18,2026-04-19,23,2,Saturday,169.0,2.816666666666667,True,VALID
SJ200,SPICEJET,BOM,DEL,BOM → DEL,2026-04-18 23:24:41.703,2026-04-19 02:11:41.703,2026-04-18,2026-04-19,23,2,Saturday,167.0,2.783333333333333,True,VALID
6F087,INDIGO,DEL,HYD,DEL → HYD,2026-04-18 23:24:41.702,2026-04-19 03:10:41.702,2026-04-18,2026-04-19,23,3,Saturday,226.0,3.7666666666666666,True,VALID
SJ210,SPICEJET,HYD,CCU,HYD → CCU,2026-04-18 23:21:41.703,2026-04-19 02:54:41.703,2026-04-18,2026-04-19,23,2,Saturday,213.0,3.55,True,VALID
AI101,AIR INDIA,DEL,BLR,DEL → BLR,2026-04-18 23:20:41.702,2026-04-19 02:23:41.702,2026-04-18,2026-04-19,23,2,Saturday,183.0,3.05,True,VALID
UK075,VISTARA,MAA,CCU,MAA → CCU,2026-04-18 23:15:41.702,2026-04-19 03:54:41.702,2026-04-18,2026-04-19,23,3,Saturday,279.0,4.65,True,VALID
SJ091,SPICEJET,BLR,CCU,BLR → CCU,2026-04-18 23:10:41.702,2026-04-19 00:47:41.702,2026-04-18,2026-04-19,23,0,Saturday,97.0,1.6166666666666667,True,VALID
AI251,AIR INDIA,MAA,DEL,MAA → DEL,2026-04-18 22:40:41.704,2026-04-18 23:24:41.704,2026-04-18,2026-04-18,22,23,Saturday,44.0,0.7333333333333333,False,VALID
SJ042,SPICEJET,HYD,CCU,HYD → CCU,2026-04-18 22:38:41.701,2026-04-19 02:20:41.701,2026-04-18,2026-04-19,22,2,Saturday,222.0,3.7,True,VALID
UK126,VISTARA,CCU,DEL,CCU → DEL,2026-04-18 22:37:41.702,2026-04-19 00:03:41.702,2026-04-18,2026-04-19,22,0,Saturday,86.0,1.4333333333333333,True,VALID
6F042,INDIGO,HYD,DEL,HYD → DEL,2026-04-18 22:35:41.701,2026-04-19 02:41:41.701,2026-04-18,2026-04-19,22,2,Saturday,246.0,4.1,True,VALID
AI116,AIR INDIA,CCU,BOM,CCU → BOM,2026-04-18 22:30:41.702,2026-04-19 01:57:41.702,2026-04-18,2026-04-19,22,1,Saturday,207.0,3.45,True,VALID
SJ209,SPICEJET,BLR,BOM,BLR → BOM,2026-04-18 22:22:41.703,2026-04-19 02:03:41.703,2026-04-18,2026-04-19,22,2,Saturday,221.0,3.683333333333333,True,VALID
AI123,AIR INDIA,MAA,BOM,MAA → BOM,2026-04-18 22:19:41.702,2026-04-19 00:45:41.702,2026-04-18,2026-04-19,22,0,Saturday,146.0,2.433333333333333,True,VALID
6F016,INDIGO,HYD,BOM,HYD → BOM,2026-04-18 22:18:41.701,2026-04-18 22:54:41.701,2026-04-18,2026-04-18,22,22,Saturday,36.0,0.6,False,VALID
UK012,VISTARA,MAA,BOM,MAA → BOM,2026-04-18 22:16:41.701,2026-04-19 00:25:41.701,2026-04-18,2026-04-19,22,0,Saturday,129.0,2.15,True,VALID
SJ188,SPICEJET,BLR,BOM,BLR → BOM,2026-04-18 22:15:41.703,2026-04-18 22:55:41.703,2026-04-18,2026-04-18,22,22,Saturday,40.0,0.6666666666666666,False,VALID
UK096,VISTARA,BLR,HYD,BLR → HYD,2026-04-18 22:11:41.702,2026-04-19 00:06:41.702,2026-04-18,2026-04-19,22,0,Saturday,115.0,1.9166666666666667,True,VALID
SJ046,SPICEJET,BOM,MAA,BOM → MAA,2026-04-18 22:01:41.701,2026-04-19 01:25:41.701,2026-04-18,2026-04-19,22,1,Saturday,204.0,3.4,True,VALID
UK081,UNKNOWN,BLR,DEL,BLR → DEL,2026-04-18 22:00:41.702,2026-04-18 23:00:41.702,2026-04-18,2026-04-18,22,23,Saturday,60.0,1.0,False,VALID
UK191,VISTARA,MAA,BLR,MAA → BLR,2026-04-18 21:51:41.703,2026-04-18 22:57:41.703,2026-04-18,2026-04-18,21,22,Saturday,66.0,1.1,False,VALID
6F064,INDIGO,CCU,DEL,CCU → DEL,2026-04-18 21:45:41.701,2026-04-18 22:50:41.701,2026-04-18,2026-04-18,21,22,Saturday,65.0,1.0833333333333333,False,VALID
AI005,AIR INDIA,DEL,CCU,DEL → CCU,2026-04-18 21:24:41.701,2026-04-18 22:11:41.701,2026-04-18,2026-04-18,21,22,Saturday,47.0,0.7833333333333333,False,VALID
6F021,INDIGO,BLR,MAA,BLR → MAA,2026-04-18 21:23:41.701,2026-04-19 01:25:41.701,2026-04-18,2026-04-19,21,1,Saturday,242.0,4.033333333333333,True,VALID
AI169,AIR INDIA,CCU,DEL,CCU → DEL,2026-04-18 21:21:41.703,2026-04-19 01:34:41.703,2026-04-18,2026-04-19,21,1,Saturday,253.0,4.216666666666667,True,VALID
UK035,VISTARA,HYD,BOM,HYD → BOM,2026-04-18 21:08:41.701,2026-04-18 22:24:41.701,2026-04-18,2026-04-18,21,22,Saturday,76.0,1.2666666666666666,False,VALID
AI040,AIR INDIA,HYD,BLR,HYD → BLR,2026-04-18 21:01:41.701,2026-04-18 22:42:41.701,2026-04-18,2026-04-18,21,22,Saturday,101.0,1.6833333333333333,False,VALID
UK042,VISTARA,MAA,BOM,MAA → BOM,2026-04-18 20:59:41.701,2026-04-19 01:38:41.701,2026-04-18,2026-04-19,20,1,Saturday,279.0,4.65,True,VALID
SJ171,SPICEJET,DEL,HYD,DEL → HYD,2026-04-18 20:52:41.703,2026-04-18 23:52:41.703,2026-04-18,2026-04-18,20,23,Saturday,180.0,3.0,False,VALID
AI250,UNKNOWN,BOM,CCU,BOM → CCU,2026-04-18 20:48:41.704,2026-04-19 00:12:41.704,2026-04-18,2026-04-19,20,0,Saturday,204.0,3.4,True,VALID
SJ195,SPICEJET,BOM,CCU,BOM → CCU,2026-04-18 20:41:41.703,2026-04-18 23:54:41.703,2026-04-18,2026-04-18,20,23,Saturday,193.0,3.216666666666667,False,VALID
UK211,VISTARA,MAA,CCU,MAA → CCU,2026-04-18 20:39:41.704,2026-04-18 22:02:41.704,2026-04-18,2026-04-18,20,22,Saturday,83.0,1.3833333333333333,False,VALID
UK122,VISTARA,HYD,CCU,HYD → CCU,2026-04-18 20:29:42.000,2026-04-18 23:29:42.000,2026-04-18,2026-04-18,20,23,Saturday,180.0,3.0,False,VALID
AI136,AIR INDIA,BLR,DEL,BLR → DEL,2026-04-18 20:29:41.702,2026-04-18 23:48:41.702,2026-04-18,2026-04-18,20,23,Saturday,199.0,3.316666666666667,False,VALID
6F141,INDIGO,BOM,CCU,BOM → CCU,2026-04-18 20:26:41.702,2026-04-18 22:28:41.702,2026-04-18,2026-04-18,20,22,Saturday,122.0,2.033333333333333,False,VALID
6F053,INDIGO,DEL,HYD,DEL → HYD,2026-04-18 20:26:41.701,2026-04-19 00:39:41.701,2026-04-18,2026-04-19,20,0,Saturday,253.0,4.216666666666667,True,VALID
6F136,INDIGO,CCU,DEL,CCU → DEL,2026-04-18 20:24:41.702,2026-04-18 21:01:41.702,2026-04-18,2026-04-18,20,21,Saturday,37.0,0.6166666666666667,False,VALID
6F009,INDIGO,BLR,CCU,BLR → CCU,2026-04-18 20:21:41.701,2026-04-18 23:36:41.701,2026-04-18,2026-04-18,20,23,Saturday,195.0,3.25,False,VALID
6F023,INDIGO,MAA,BLR,MAA → BLR,2026-04-18 20:18:41.701,2026-04-19 00:14:41.701,2026-04-18,2026-04-19,20,0,Saturday,236.0,3.933333333333333,True,VALID
UK006,VISTARA,MAA,CCU,MAA → CCU,2026-04-18 20:16:41.701,2026-04-18 21:55:41.701,2026-04-18,2026-04-18,20,21,Saturday,99.0,1.65,False,VALID
SJ165,SPICEJET,CCU,BOM,CCU → BOM,2026-04-18 20:08:41.703,2026-04-18 23:18:41.703,2026-04-18,2026-04-18,20,23,Saturday,190.0,3.1666666666666665,False,VALID
6F189,INDIGO,MAA,BLR,MAA → BLR,2026-04-18 20:08:41.703,2026-04-18 21:51:41.703,2026-04-18,2026-04-18,20,21,Saturday,103.0,1.7166666666666666,False,VALID
AI131,AIR INDIA,MAA,BOM,MAA → BOM,2026-04-18 19:55:41.702,2026-04-18 22:35:41.702,2026-04-18,2026-04-18,19,22,Saturday,160.0,2.6666666666666665,False,VALID
6F004,INDIGO,BOM,CCU,BOM → CCU,2026-04-18 19:53:41.701,2026-04-18 23:33:41.701,2026-04-18,2026-04-18,19,23,Saturday,220.0,3.6666666666666665,False,VALID
AI027,AIR INDIA,BOM,MAA,BOM → MAA,2026-04-18 19:41:41.701,2026-04-18 23:23:41.701,2026-04-18,2026-04-18,19,23,Saturday,222.0,3.7,False,VALID
AI238,AIR INDIA,CCU,MAA,CCU → MAA,2026-04-18 19:25:41.704,2026-04-19 00:07:41.704,2026-04-18,2026-04-19,19,0,Saturday,282.0,4.7,True,VALID
SJ105,SPICEJET,BOM,HYD,BOM → HYD,2026-04-18 19:22:41.702,2026-04-18 22:48:41.702,2026-04-18,2026-04-18,19,22,Saturday,206.0,3.433333333333333,False,VALID
UK088,UNKNOWN,MAA,BLR,MAA → BLR,2026-04-18 19:16:41.702,2026-04-18 23:36:41.702,2026-04-18,2026-04-18,19,23,Saturday,260.0,4.333333333333333,False,VALID
6F035,INDIGO,CCU,HYD,CCU → HYD,2026-04-18 19:16:41.701,2026-04-18 23:40:41.701,2026-04-18,2026-04-18,19,23,Saturday,264.0,4.4,False,VALID
AI133,AIR INDIA,DEL,CCU,DEL → CCU,2026-04-18 19:12:41.702,2026-04-18 21:32:41.702,2026-04-18,2026-04-18,19,21,Saturday,140.0,2.3333333333333335,False,VALID
AI001,AIR INDIA,DEL,HYD,DEL → HYD,2026-04-18 19:00:41.700,2026-04-18 22:03:41.700,2026-04-18,2026-04-18,19,22,Saturday,183.0,3.05,False,VALID
SJ133,SPICEJET,BOM,CCU,BOM → CCU,2026-04-18 18:50:41.702,2026-04-18 21:29:41.702,2026-04-18,2026-04-18,18,21,Saturday,159.0,2.65,False,VALID
SJ216,SPICEJET,BOM,CCU,BOM → CCU,2026-04-18 18:35:41.703,2026-04-18 21:31:41.703,2026-04-18,2026-04-18,18,21,Saturday,176.0,2.933333333333333,False,VALID
SJ225,UNKNOWN,DEL,HYD,DEL → HYD,2026-04-18 18:16:41.704,2026-04-18 20:53:41.704,2026-04-18,2026-04-18,18,20,Saturday,157.0,2.6166666666666667,False,VALID
AI147,AIR INDIA,HYD,CCU,HYD → CCU,2026-04-18 18:14:41.703,2026-04-18 20:10:41.703,2026-04-18,2026-04-18,18,20,Saturday,116.0,1.9333333333333333,False,VALID
SJ054,SPICEJET,MAA,BLR,MAA → BLR,2026-04-18 18:13:41.701,2026-04-18 22:46:41.701,2026-04-18,2026-04-18,18,22,Saturday,273.0,4.55,False,VALID
6F197,INDIGO,BOM,BLR,BOM → BLR,2026-04-18 17:59:41.703,2026-04-18 22:44:41.703,2026-04-18,2026-04-18,17,22,Saturday,285.0,4.75,False,VALID
SJ066,SPICEJET,HYD,CCU,HYD → CCU,2026-04-18 17:47:41.701,2026-04-18 19:03:41.701,2026-04-18,2026-04-18,17,19,Saturday,76.0,1.2666666666666666,False,VALID
SJ183,SPICEJET,CCU,DEL,CCU → DEL,2026-04-18 17:44:41.703,2026-04-18 19:40:41.703,2026-04-18,2026-04-18,17,19,Saturday,116.0,1.9333333333333333,False,VALID
SJ151,SPICEJET,BOM,CCU,BOM → CCU,2026-04-18 17:44:41.702,2026-04-18 19:16:41.702,2026-04-18,2026-04-18,17,19,Saturday,92.0,1.5333333333333334,False,VALID
SJ071,SPICEJET,CCU,MAA,CCU → MAA,2026-04-18 17:43:41.701,2026-04-18 19:32:41.701,2026-04-18,2026-04-18,17,19,Saturday,109.0,1.8166666666666667,False,VALID
SJ102,SPICEJET,MAA,CCU,MAA → CCU,2026-04-18 17:26:41.702,2026-04-18 18:58:41.702,2026-04-18,2026-04-18,17,18,Saturday,92.0,1.5333333333333334,False,VALID
AI209,AIR INDIA,BLR,CCU,BLR → CCU,2026-04-18 17:25:41.703,2026-04-18 18:37:41.703,2026-04-18,2026-04-18,17,18,Saturday,72.0,1.2,False,VALID
6F111,INDIGO,HYD,DEL,HYD → DEL,2026-04-18 17:09:41.702,2026-04-18 20:02:41.702,2026-04-18,2026-04-18,17,20,Saturday,173.0,2.8833333333333333,False,VALID
AI050,AIR INDIA,BLR,BOM,BLR → BOM,2026-04-18 17:07:41.701,2026-04-18 19:42:41.701,2026-04-18,2026-04-18,17,19,Saturday,155.0,2.5833333333333335,False,VALID
SJ189,SPICEJET,HYD,BLR,HYD → BLR,2026-04-18 17:05:41.703,2026-04-18 22:01:41.703,2026-04-18,2026-04-18,17,22,Saturday,296.0,4.933333333333334,False,VALID
UK112,UNKNOWN,CCU,DEL,CCU → DEL,2026-04-18 17:05:41.702,2026-04-18 19:47:41.702,2026-04-18,2026-04-18,17,19,Saturday,162.0,2.7,False,VALID
6F171,INDIGO,DEL,BLR,DEL → BLR,2026-04-18 17:03:41.703,2026-04-18 18:12:41.703,2026-04-18,2026-04-18,17,18,Saturday,69.0,1.15,False,VALID
AI011,AIR INDIA,CCU,BOM,CCU → BOM,2026-04-18 16:58:41.701,2026-04-18 21:01:41.701,2026-04-18,2026-04-18,16,21,Saturday,243.0,4.05,False,VALID
6F027,INDIGO,BLR,DEL,BLR → DEL,2026-04-18 16:52:41.701,2026-04-18 18:21:41.701,2026-04-18,2026-04-18,16,18,Saturday,89.0,1.4833333333333334,False,VALID
UK082,VISTARA,DEL,BOM,DEL → BOM,2026-04-18 16:50:41.702,2026-04-18 21:21:41.702,2026-04-18,2026-04-18,16,21,Saturday,271.0,4.516666666666667,False,VALID
UK138,VISTARA,DEL,BLR,DEL → BLR,2026-04-18 16:47:41.703,2026-04-18 19:36:41.703,2026-04-18,2026-04-18,16,19,Saturday,169.0,2.816666666666667,False,VALID
UK198,VISTARA,DEL,BLR,DEL → BLR,2026-04-18 16:43:41.703,2026-04-18 18:18:41.703,2026-04-18,2026-04-18,16,18,Saturday,95.0,1.5833333333333333,False,VALID
6F039,INDIGO,MAA,CCU,MAA → CCU,2026-04-18 16:43:41.701,2026-04-18 21:01:41.701,2026-04-18,2026-04-18,16,21,Saturday,258.0,4.3,False,VALID
6F157,INDIGO,MAA,CCU,MAA → CCU,2026-04-18 16:37:41.703,2026-04-18 18:04:41.703,2026-04-18,2026-04-18,16,18,Saturday,87.0,1.45,False,VALID
SJ024,SPICEJET,DEL,MAA,DEL → MAA,2026-04-18 16:29:41.701,2026-04-18 20:21:41.701,2026-04-18,2026-04-18,16,20,Saturday,232.0,3.8666666666666667,False,VALID
6F167,INDIGO,BLR,BOM,BLR → BOM,2026-04-18 16:26:41.703,2026-04-18 17:50:41.703,2026-04-18,2026-04-18,16,17,Saturday,84.0,1.4,False,VALID
AI197,AIR INDIA,BOM,CCU,BOM → CCU,2026-04-18 16:25:41.703,2026-04-18 20:00:41.703,2026-04-18,2026-04-18,16,20,Saturday,215.0,3.5833333333333335,False,VALID
SJ211,SPICEJET,MAA,BOM,MAA → BOM,2026-04-18 16:22:41.703,2026-04-18 18:34:41.703,2026-04-18,2026-04-18,16,18,Saturday,132.0,2.2,False,VALID
6F055,INDIGO,DEL,CCU,DEL → CCU,2026-04-18 16:21:41.701,2026-04-18 18:49:41.701,2026-04-18,2026-04-18,16,18,Saturday,148.0,2.466666666666667,False,VALID
AI253,AIR INDIA,BLR,BOM,BLR → BOM,2026-04-18 16:13:41.704,2026-04-18 19:51:41.704,2026-04-18,2026-04-18,16,19,Saturday,218.0,3.6333333333333333,False,VALID
UK060,VISTARA,BLR,CCU,BLR → CCU,2026-04-18 16:09:41.701,2026-04-18 19:42:41.701,2026-04-18,2026-04-18,16,19,Saturday,213.0,3.55,False,VALID
6F257,UNKNOWN,MAA,CCU,MAA → CCU,2026-04-18 16:04:41.704,2026-04-18 19:55:41.704,2026-04-18,2026-04-18,16,19,Saturday,231.0,3.85,False,VALID
SJ135,SPICEJET,MAA,CCU,MAA → CCU,2026-04-18 16:03:41.702,2026-04-18 19:48:41.702,2026-04-18,2026-04-18,16,19,Saturday,225.0,3.75,False,VALID
AI247,AIR INDIA,BOM,CCU,BOM → CCU,2026-04-18 15:58:41.704,2026-04-18 19:02:41.704,2026-04-18,2026-04-18,15,19,Saturday,184.0,3.066666666666667,False,VALID
UK127,VISTARA,BOM,HYD,BOM → HYD,2026-04-18 15:56:41.702,2026-04-18 20:00:41.702,2026-04-18,2026-04-18,15,20,Saturday,244.0,4.066666666666666,False,VALID
AI109,AIR INDIA,BLR,BOM,BLR → BOM,2026-04-18 15:53:41.702,2026-04-18 20:14:41.702,2026-04-18,2026-04-18,15,20,Saturday,261.0,4.35,False,VALID
AI057,AIR INDIA,BOM,CCU,BOM → CCU,2026-04-18 15:53:41.701,2026-04-18 19:22:41.701,2026-04-18,2026-04-18,15,19,Saturday,209.0,3.4833333333333334,False,VALID
6F103,INDIGO,CCU,MAA,CCU → MAA,2026-04-18 15:37:41.702,2026-04-18 18:32:41.702,2026-04-18,2026-04-18,15,18,Saturday,175.0,2.9166666666666665,False,VALID
SJ144,SPICEJET,BLR,BOM,BLR → BOM,2026-04-18 15:35:41.702,2026-04-18 19:12:41.702,2026-04-18,2026-04-18,15,19,Saturday,217.0,3.6166666666666667,False,VALID
6F076,INDIGO,CCU,HYD,CCU → HYD,2026-04-18 15:35:41.702,2026-04-18 16:20:41.702,2026-04-18,2026-04-18,15,16,Saturday,45.0,0.75,False,VALID
6F240,INDIGO,DEL,HYD,DEL → HYD,2026-04-18 15:31:41.704,2026-04-18 19:56:41.704,2026-04-18,2026-04-18,15,19,Saturday,265.0,4.416666666666667,False,VALID
UK057,VISTARA,CCU,DEL,CCU → DEL,2026-04-18 15:25:41.701,2026-04-18 20:04:41.701,2026-04-18,2026-04-18,15,20,Saturday,279.0,4.65,False,VALID
AI201,AIR INDIA,BLR,CCU,BLR → CCU,2026-04-18 15:19:41.703,2026-04-18 16:40:41.703,2026-04-18,2026-04-18,15,16,Saturday,81.0,1.35,False,VALID
SJ242,SPICEJET,BLR,HYD,BLR → HYD,2026-04-18 14:55:41.704,2026-04-18 17:42:41.704,2026-04-18,2026-04-18,14,17,Saturday,167.0,2.783333333333333,False,VALID
6F037,INDIGO,BOM,MAA,BOM → MAA,2026-04-18 14:51:41.701,2026-04-18 17:23:41.701,2026-04-18,2026-04-18,14,17,Saturday,152.0,2.533333333333333,False,VALID
SJ132,SPICEJET,MAA,DEL,MAA → DEL,2026-04-18 14:44:41.702,2026-04-18 15:36:41.702,2026-04-18,2026-04-18,14,15,Saturday,52.0,0.8666666666666667,False,VALID
AI055,AIR INDIA,CCU,BOM,CCU → BOM,2026-04-18 14:39:41.701,2026-04-18 16:18:41.701,2026-04-18,2026-04-18,14,16,Saturday,99.0,1.65,False,VALID
6F252,UNKNOWN,MAA,BLR,MAA → BLR,2026-04-18 14:25:41.701,2026-04-18 18:52:41.701,2026-04-18,2026-04-18,14,18,Saturday,267.0,4.45,False,VALID
AI183,AIR INDIA,DEL,CCU,DEL → CCU,2026-04-18 14:24:41.703,2026-04-18 16:06:41.703,2026-04-18,2026-04-18,14,16,Saturday,102.0,1.7,False,VALID
SJ125,SPICEJET,DEL,BLR,DEL → BLR,2026-04-18 14:21:41.702,2026-04-18 16:55:41.702,2026-04-18,2026-04-18,14,16,Saturday,154.0,2.566666666666667,False,VALID
SJ087,SPICEJET,BOM,DEL,BOM → DEL,2026-04-18 14:20:41.702,2026-04-18 19:09:41.702,2026-04-18,2026-04-18,14,19,Saturday,289.0,4.816666666666666,False,VALID
UK182,VISTARA,HYD,CCU,HYD → CCU,2026-04-18 14:19:41.703,2026-04-18 18:25:41.703,2026-04-18,2026-04-18,14,18,Saturday,246.0,4.1,False,VALID
AI016,AIR INDIA,BOM,CCU,BOM → CCU,2026-04-18 14:15:41.701,2026-04-18 18:38:41.701,2026-04-18,2026-04-18,14,18,Saturday,263.0,4.383333333333334,False,VALID
6F107,INDIGO,CCU,BLR,CCU → BLR,2026-04-18 14:14:41.702,2026-04-18 17:14:42.000,2026-04-18,2026-04-18,14,17,Saturday,180.0049666666667,3.000082777777778,False,VALID
AI026,AIR INDIA,DEL,BOM,DEL → BOM,2026-04-18 14:14:41.701,2026-04-18 15:13:41.701,2026-04-18,2026-04-18,14,15,Saturday,59.0,0.9833333333333333,False,VALID
AI177,AIR INDIA,CCU,HYD,CCU → HYD,2026-04-18 14:11:41.703,2026-04-18 16:26:41.703,2026-04-18,2026-04-18,14,16,Saturday,135.0,2.25,False,VALID
AI041,AIR INDIA,BOM,BLR,BOM → BLR,2026-04-18 14:08:41.701,2026-04-18 15:59:41.701,2026-04-18,2026-04-18,14,15,Saturday,111.0,1.85,False,VALID
6F264,UNKNOWN,DEL,HYD,DEL → HYD,2026-04-18 14:03:41.701,2026-04-18 18:23:41.701,2026-04-18,2026-04-18,14,18,Saturday,260.0,4.333333333333333,False,VALID
6F222,INDIGO,HYD,MAA,HYD → MAA,2026-04-18 14:01:41.704,2026-04-18 16:11:41.704,2026-04-18,2026-04-18,14,16,Saturday,130.0,2.1666666666666665,False,VALID
AI004,AIR INDIA,HYD,MAA,HYD → MAA,2026-04-18 13:58:41.701,2026-04-18 18:12:41.701,2026-04-18,2026-04-18,13,18,Saturday,254.0,4.233333333333333,False,VALID
SJ126,SPICEJET,DEL,BLR,DEL → BLR,2026-04-18 13:47:41.702,2026-04-18 16:31:41.702,2026-04-18,2026-04-18,13,16,Saturday,164.0,2.7333333333333334,False,VALID
SJ220,SPICEJET,BOM,CCU,BOM → CCU,2026-04-18 13:45:41.703,2026-04-18 15:21:41.703,2026-04-18,2026-04-18,13,15,Saturday,96.0,1.6,False,VALID
AI204,AIR INDIA,CCU,MAA,CCU → MAA,2026-04-18 13:40:41.703,2026-04-18 18:38:41.703,2026-04-18,2026-04-18,13,18,Saturday,298.0,4.966666666666667,False,VALID
UK098,VISTARA,CCU,DEL,CCU → DEL,2026-04-18 13:38:41.702,2026-04-18 17:54:41.702,2026-04-18,2026-04-18,13,17,Saturday,256.0,4.266666666666667,False,VALID
AI090,AIR INDIA,MAA,CCU,MAA → CCU,2026-04-18 13:37:41.702,2026-04-18 16:11:41.702,2026-04-18,2026-04-18,13,16,Saturday,154.0,2.566666666666667,False,VALID
AI092,AIR INDIA,CCU,BOM,CCU → BOM,2026-04-18 13:36:41.702,2026-04-18 16:20:41.702,2026-04-18,2026-04-18,13,16,Saturday,164.0,2.7333333333333334,False,VALID
AI049,AIR INDIA,CCU,MAA,CCU → MAA,2026-04-18 13:35:41.701,2026-04-18 15:48:41.701,2026-04-18,2026-04-18,13,15,Saturday,133.0,2.216666666666667,False,VALID
UK117,VISTARA,BLR,BOM,BLR → BOM,2026-04-18 13:17:41.702,2026-04-18 16:54:41.702,2026-04-18,2026-04-18,13,16,Saturday,217.0,3.6166666666666667,False,VALID
6F227,INDIGO,MAA,BOM,MAA → BOM,2026-04-18 13:16:41.704,2026-04-18 17:41:41.704,2026-04-18,2026-04-18,13,17,Saturday,265.0,4.416666666666667,False,VALID
AI228,AIR INDIA,BLR,BOM,BLR → BOM,2026-04-18 13:16:41.703,2026-04-18 17:44:41.703,2026-04-18,2026-04-18,13,17,Saturday,268.0,4.466666666666667,False,VALID
SJ164,SPICEJET,CCU,MAA,CCU → MAA,2026-04-18 13:14:41.703,2026-04-18 15:14:42.000,2026-04-18,2026-04-18,13,15,Saturday,120.00495,2.0000825,False,VALID
AI018,AIR INDIA,BOM,CCU,BOM → CCU,2026-04-18 13:12:41.701,2026-04-18 18:04:41.701,2026-04-18,2026-04-18,13,18,Saturday,292.0,4.866666666666666,False,VALID
UK192,VISTARA,HYD,DEL,HYD → DEL,2026-04-18 12:54:41.703,2026-04-18 13:54:42.000,2026-04-18,2026-04-18,12,13,Saturday,60.00495,1.0000825,False,VALID
SJ224,SPICEJET,DEL,MAA,DEL → MAA,2026-04-18 12:41:41.703,2026-04-18 15:33:41.703,2026-04-18,2026-04-18,12,15,Saturday,172.0,2.8666666666666667,False,VALID
UK050,VISTARA,BOM,DEL,BOM → DEL,2026-04-18 12:39:41.701,2026-04-18 13:18:41.701,2026-04-18,2026-04-18,12,13,Saturday,39.0,0.65,False,VALID
SJ159,SPICEJET,CCU,DEL,CCU → DEL,2026-04-18 12:22:41.703,2026-04-18 14:05:41.703,2026-04-18,2026-04-18,12,14,Saturday,103.0,1.7166666666666666,False,VALID
UK038,VISTARA,MAA,CCU,MAA → CCU,2026-04-18 12:22:41.701,2026-04-18 15:31:41.701,2026-04-18,2026-04-18,12,15,Saturday,189.0,3.15,False,VALID
6F192,INDIGO,CCU,BLR,CCU → BLR,2026-04-18 12:20:41.703,2026-04-18 16:45:41.703,2026-04-18,2026-04-18,12,16,Saturday,265.0,4.416666666666667,False,VALID
6F173,INDIGO,BOM,CCU,BOM → CCU,2026-04-18 12:19:41.703,2026-04-18 13:08:41.703,2026-04-18,2026-04-18,12,13,Saturday,49.0,0.8166666666666667,False,VALID
AI185,AIR INDIA,CCU,BOM,CCU → BOM,2026-04-18 12:16:41.703,2026-04-18 16:18:41.703,2026-04-18,2026-04-18,12,16,Saturday,242.0,4.033333333333333,False,VALID
SJ152,SPICEJET,BOM,DEL,BOM → DEL,2026-04-18 12:09:41.702,2026-04-18 13:50:41.702,2026-04-18,2026-04-18,12,13,Saturday,101.0,1.6833333333333333,False,VALID
AI215,AIR INDIA,BLR,DEL,BLR → DEL,2026-04-18 12:07:41.703,2026-04-18 13:43:41.703,2026-04-18,2026-04-18,12,13,Saturday,96.0,1.6,False,VALID
AI074,AIR INDIA,CCU,BOM,CCU → BOM,2026-04-18 12:03:41.702,2026-04-18 12:50:41.702,2026-04-18,2026-04-18,12,12,Saturday,47.0,0.7833333333333333,False,VALID
6F109,INDIGO,BLR,BOM,BLR → BOM,2026-04-18 12:00:41.702,2026-04-18 12:51:41.702,2026-04-18,2026-04-18,12,12,Saturday,51.0,0.85,False,VALID
6F144,INDIGO,HYD,BOM,HYD → BOM,2026-04-18 11:56:41.702,2026-04-18 15:11:41.702,2026-04-18,2026-04-18,11,15,Saturday,195.0,3.25,False,VALID
6F210,INDIGO,HYD,DEL,HYD → DEL,2026-04-18 11:51:41.703,2026-04-18 15:58:41.703,2026-04-18,2026-04-18,11,15,Saturday,247.0,4.116666666666666,False,VALID
SJ111,SPICEJET,DEL,MAA,DEL → MAA,2026-04-18 11:47:41.702,2026-04-18 12:59:41.702,2026-04-18,2026-04-18,11,12,Saturday,72.0,1.2,False,VALID
UK092,VISTARA,MAA,BLR,MAA → BLR,2026-04-18 11:42:41.702,2026-04-18 13:17:41.702,2026-04-18,2026-04-18,11,13,Saturday,95.0,1.5833333333333333,False,VALID
UK009,VISTARA,BOM,DEL,BOM → DEL,2026-04-18 11:34:41.701,2026-04-18 13:41:41.701,2026-04-18,2026-04-18,11,13,Saturday,127.0,2.1166666666666667,False,VALID
AI170,AIR INDIA,HYD,DEL,HYD → DEL,2026-04-18 11:27:41.703,2026-04-18 15:50:41.703,2026-04-18,2026-04-18,11,15,Saturday,263.0,4.383333333333334,False,VALID
6F154,INDIGO,CCU,DEL,CCU → DEL,2026-04-18 11:26:41.703,2026-04-18 12:23:41.703,2026-04-18,2026-04-18,11,12,Saturday,57.0,0.95,False,VALID
6F161,INDIGO,MAA,DEL,MAA → DEL,2026-04-18 11:24:41.703,2026-04-18 12:21:41.703,2026-04-18,2026-04-18,11,12,Saturday,57.0,0.95,False,VALID
UK128,VISTARA,BOM,CCU,BOM → CCU,2026-04-18 11:22:41.702,2026-04-18 14:11:41.702,2026-04-18,2026-04-18,11,14,Saturday,169.0,2.816666666666667,False,VALID
AI186,AIR INDIA,DEL,BOM,DEL → BOM,2026-04-18 11:11:41.703,2026-04-18 13:05:41.703,2026-04-18,2026-04-18,11,13,Saturday,114.0,1.9,False,VALID
AI099,AIR INDIA,BLR,BOM,BLR → BOM,2026-04-18 11:07:41.702,2026-04-18 13:29:41.702,2026-04-18,2026-04-18,11,13,Saturday,142.0,2.3666666666666667,False,VALID
6F203,INDIGO,BLR,HYD,BLR → HYD,2026-04-18 11:05:41.703,2026-04-18 12:56:41.703,2026-04-18,2026-04-18,11,12,Saturday,111.0,1.85,False,VALID
UK139,UNKNOWN,BLR,MAA,BLR → MAA,2026-04-18 10:54:41.703,2026-04-18 14:31:41.703,2026-04-18,2026-04-18,10,14,Saturday,217.0,3.6166666666666667,False,VALID
UK139,UNKNOWN,BLR,MAA,BLR → MAA,2026-04-18 10:54:41.703,2026-04-18 14:31:41.703,2026-04-18,2026-04-18,10,14,Saturday,217.0,3.6166666666666667,False,VALID
SJ008,SPICEJET,HYD,BLR,HYD → BLR,2026-04-18 10:53:41.701,2026-04-18 15:48:41.701,2026-04-18,2026-04-18,10,15,Saturday,295.0,4.916666666666667,False,VALID
AI171,AIR INDIA,MAA,BLR,MAA → BLR,2026-04-18 10:51:41.703,2026-04-18 13:34:41.703,2026-04-18,2026-04-18,10,13,Saturday,163.0,2.716666666666667,False,VALID
6F124,INDIGO,BLR,BOM,BLR → BOM,2026-04-18 10:47:41.702,2026-04-18 15:21:41.702,2026-04-18,2026-04-18,10,15,Saturday,274.0,4.566666666666666,False,VALID
6F137,INDIGO,CCU,DEL,CCU → DEL,2026-04-18 10:45:41.702,2026-04-18 15:01:41.702,2026-04-18,2026-04-18,10,15,Saturday,256.0,4.266666666666667,False,VALID
AI008,AIR INDIA,BOM,CCU,BOM → CCU,2026-04-18 10:43:41.701,2026-04-18 12:43:42.000,2026-04-18,2026-04-18,10,12,Saturday,120.00498333333333,2.0000830555555553,False,VALID
SJ140,UNKNOWN,HYD,DEL,HYD → DEL,2026-04-18 10:42:41.702,2026-04-18 14:30:41.702,2026-04-18,2026-04-18,10,14,Saturday,228.0,3.8,False,VALID
UK016,VISTARA,DEL,CCU,DEL → CCU,2026-04-18 10:42:41.701,2026-04-18 11:22:41.701,2026-04-18,2026-04-18,10,11,Saturday,40.0,0.6666666666666666,False,VALID
AI127,AIR INDIA,DEL,HYD,DEL → HYD,2026-04-18 10:37:41.702,2026-04-18 13:45:41.702,2026-04-18,2026-04-18,10,13,Saturday,188.0,3.1333333333333333,False,VALID
SJ096,UNKNOWN,DEL,HYD,DEL → HYD,2026-04-18 10:29:41.702,2026-04-18 13:45:41.702,2026-04-18,2026-04-18,10,13,Saturday,196.0,3.2666666666666666,False,VALID
6F048,INDIGO,HYD,DEL,HYD → DEL,2026-04-18 10:27:41.701,2026-04-18 11:18:41.701,2026-04-18,2026-04-18,10,11,Saturday,51.0,0.85,False,VALID
SJ090,SPICEJET,HYD,MAA,HYD → MAA,2026-04-18 10:24:41.702,2026-04-18 13:11:41.702,2026-04-18,2026-04-18,10,13,Saturday,167.0,2.783333333333333,False,VALID
AI014,AIR INDIA,HYD,MAA,HYD → MAA,2026-04-18 10:24:41.701,2026-04-18 13:51:41.701,2026-04-18,2026-04-18,10,13,Saturday,207.0,3.45,False,VALID
6F131,INDIGO,BLR,HYD,BLR → HYD,2026-04-18 10:22:41.702,2026-04-18 14:20:41.702,2026-04-18,2026-04-18,10,14,Saturday,238.0,3.966666666666667,False,VALID
AI130,AIR INDIA,BOM,BLR,BOM → BLR,2026-04-18 10:18:41.702,2026-04-18 12:59:41.702,2026-04-18,2026-04-18,10,12,Saturday,161.0,2.683333333333333,False,VALID
UK151,UNKNOWN,BOM,CCU,BOM → CCU,2026-04-18 10:11:41.703,2026-04-18 13:30:41.703,2026-04-18,2026-04-18,10,13,Saturday,199.0,3.316666666666667,False,VALID
6F165,INDIGO,BLR,BOM,BLR → BOM,2026-04-18 10:11:41.703,2026-04-18 11:09:41.703,2026-04-18,2026-04-18,10,11,Saturday,58.0,0.9666666666666667,False,VALID
UK161,VISTARA,BLR,BOM,BLR → BOM,2026-04-18 10:05:41.703,2026-04-18 12:48:41.703,2026-04-18,2026-04-18,10,12,Saturday,163.0,2.716666666666667,False,VALID
AI107,AIR INDIA,HYD,CCU,HYD → CCU,2026-04-18 10:03:41.702,2026-04-18 10:49:41.702,2026-04-18,2026-04-18,10,10,Saturday,46.0,0.7666666666666667,False,VALID
SJ104,SPICEJET,HYD,DEL,HYD → DEL,2026-04-18 10:00:41.702,2026-04-18 11:00:42.000,2026-04-18,2026-04-18,10,11,Saturday,60.00496666666666,1.0000827777777777,False,VALID
AI042,AIR INDIA,CCU,DEL,CCU → DEL,2026-04-18 09:53:41.701,2026-04-18 10:57:41.701,2026-04-18,2026-04-18,9,10,Saturday,64.0,1.0666666666666667,False,VALID
6F266,UNKNOWN,CCU,MAA,CCU → MAA,2026-04-18 09:49:41.703,2026-04-18 11:17:41.703,2026-04-18,2026-04-18,9,11,Saturday,88.0,1.4666666666666666,False,VALID
6F138,INDIGO,HYD,BLR,HYD → BLR,2026-04-18 09:49:41.702,2026-04-18 12:53:41.702,2026-04-18,2026-04-18,9,12,Saturday,184.0,3.066666666666667,False,VALID
SJ219,SPICEJET,BOM,DEL,BOM → DEL,2026-04-18 09:32:41.703,2026-04-18 14:09:41.703,2026-04-18,2026-04-18,9,14,Saturday,277.0,4.616666666666666,False,VALID
UK197,VISTARA,BLR,HYD,BLR → HYD,2026-04-18 09:22:41.703,2026-04-18 10:54:41.703,2026-04-18,2026-04-18,9,10,Saturday,92.0,1.5333333333333334,False,VALID
6F119,INDIGO,DEL,BOM,DEL → BOM,2026-04-18 09:19:41.702,2026-04-18 11:33:41.702,2026-04-18,2026-04-18,9,11,Saturday,134.0,2.2333333333333334,False,VALID
SJ058,SPICEJET,DEL,HYD,DEL → HYD,2026-04-18 08:58:41.701,2026-04-18 13:14:41.701,2026-04-18,2026-04-18,8,13,Saturday,256.0,4.266666666666667,False,VALID
AI218,AIR INDIA,BOM,CCU,BOM → CCU,2026-04-18 08:55:41.703,2026-04-18 11:55:41.703,2026-04-18,2026-04-18,8,11,Saturday,180.0,3.0,False,VALID
SJ060,SPICEJET,HYD,CCU,HYD → CCU,2026-04-18 08:51:41.701,2026-04-18 13:46:41.701,2026-04-18,2026-04-18,8,13,Saturday,295.0,4.916666666666667,False,VALID
UK121,VISTARA,BLR,BOM,BLR → BOM,2026-04-18 08:36:41.702,2026-04-18 12:36:41.702,2026-04-18,2026-04-18,8,12,Saturday,240.0,4.0,False,VALID
6F208,INDIGO,CCU,BOM,CCU → BOM,2026-04-18 08:27:41.703,2026-04-18 11:34:41.703,2026-04-18,2026-04-18,8,11,Saturday,187.0,3.1166666666666667,False,VALID
6F153,INDIGO,CCU,BLR,CCU → BLR,2026-04-18 08:23:41.703,2026-04-18 12:20:41.703,2026-04-18,2026-04-18,8,12,Saturday,237.0,3.95,False,VALID
AI117,AIR INDIA,HYD,BLR,HYD → BLR,2026-04-18 08:18:41.702,2026-04-18 10:09:41.702,2026-04-18,2026-04-18,8,10,Saturday,111.0,1.85,False,VALID
SJ113,SPICEJET,BLR,BOM,BLR → BOM,2026-04-18 08:10:41.702,2026-04-18 10:10:42.000,2026-04-18,2026-04-18,8,10,Saturday,120.00496666666666,2.0000827777777777,False,VALID
AI191,AIR INDIA,BLR,MAA,BLR → MAA,2026-04-18 07:57:41.703,2026-04-18 11:58:41.703,2026-04-18,2026-04-18,7,11,Saturday,241.0,4.016666666666667,False,VALID
6F267,UNKNOWN,DEL,MAA,DEL → MAA,2026-04-18 07:56:41.703,2026-04-18 11:49:41.703,2026-04-18,2026-04-18,7,11,Saturday,233.0,3.8833333333333333,False,VALID
6F185,INDIGO,CCU,DEL,CCU → DEL,2026-04-18 07:49:41.703,2026-04-18 10:08:41.703,2026-04-18,2026-04-18,7,10,Saturday,139.0,2.316666666666667,False,VALID
AI114,AIR INDIA,CCU,DEL,CCU → DEL,2026-04-18 07:48:41.702,2026-04-18 09:03:41.702,2026-04-18,2026-04-18,7,9,Saturday,75.0,1.25,False,VALID
6F155,INDIGO,DEL,BLR,DEL → BLR,2026-04-18 07:47:41.703,2026-04-18 08:20:41.703,2026-04-18,2026-04-18,7,8,Saturday,33.0,0.55,False,VALID
UK045,VISTARA,MAA,HYD,MAA → HYD,2026-04-18 07:43:41.701,2026-04-18 09:28:41.701,2026-04-18,2026-04-18,7,9,Saturday,105.0,1.75,False,VALID
AI111,AIR INDIA,MAA,CCU,MAA → CCU,2026-04-18 07:40:41.702,2026-04-18 10:39:41.702,2026-04-18,2026-04-18,7,10,Saturday,179.0,2.9833333333333334,False,VALID
AI156,AIR INDIA,CCU,BOM,CCU → BOM,2026-04-18 07:39:41.703,2026-04-18 09:22:41.703,2026-04-18,2026-04-18,7,9,Saturday,103.0,1.7166666666666666,False,VALID
SJ128,SPICEJET,CCU,BLR,CCU → BLR,2026-04-18 07:39:41.702,2026-04-18 10:42:41.702,2026-04-18,2026-04-18,7,10,Saturday,183.0,3.05,False,VALID
AI104,AIR INDIA,MAA,HYD,MAA → HYD,2026-04-18 07:35:41.702,2026-04-18 09:20:41.702,2026-04-18,2026-04-18,7,9,Saturday,105.0,1.75,False,VALID
6F225,INDIGO,HYD,CCU,HYD → CCU,2026-04-18 07:33:41.704,2026-04-18 12:12:41.704,2026-04-18,2026-04-18,7,12,Saturday,279.0,4.65,False,VALID
6F033,INDIGO,DEL,HYD,DEL → HYD,2026-04-18 07:08:41.701,2026-04-18 09:08:41.701,2026-04-18,2026-04-18,7,9,Saturday,120.0,2.0,False,VALID
6F244,INDIGO,MAA,CCU,MAA → CCU,2026-04-18 07:07:41.704,2026-04-18 08:31:41.704,2026-04-18,2026-04-18,7,8,Saturday,84.0,1.4,False,VALID
UK137,VISTARA,BOM,MAA,BOM → MAA,2026-04-18 07:04:41.703,2026-04-18 09:14:41.703,2026-04-18,2026-04-18,7,9,Saturday,130.0,2.1666666666666665,False,VALID
AI063,AIR INDIA,HYD,BLR,HYD → BLR,2026-04-18 07:03:41.701,2026-04-18 11:26:41.701,2026-04-18,2026-04-18,7,11,Saturday,263.0,4.383333333333334,False,VALID
SJ156,SPICEJET,BOM,DEL,BOM → DEL,2026-04-18 06:59:41.703,2026-04-18 07:34:41.703,2026-04-18,2026-04-18,6,7,Saturday,35.0,0.5833333333333334,False,VALID
UK125,VISTARA,HYD,BOM,HYD → BOM,2026-04-18 06:58:41.702,2026-04-18 11:44:41.702,2026-04-18,2026-04-18,6,11,Saturday,286.0,4.766666666666667,False,VALID
AI232,AIR INDIA,DEL,BLR,DEL → BLR,2026-04-18 06:43:41.704,2026-04-18 10:13:41.704,2026-04-18,2026-04-18,6,10,Saturday,210.0,3.5,False,VALID
AI167,AIR INDIA,BLR,DEL,BLR → DEL,2026-04-18 06:43:41.703,2026-04-18 11:10:41.703,2026-04-18,2026-04-18,6,11,Saturday,267.0,4.45,False,VALID
UK160,VISTARA,BLR,BOM,BLR → BOM,2026-04-18 06:42:41.703,2026-04-18 10:58:41.703,2026-04-18,2026-04-18,6,10,Saturday,256.0,4.266666666666667,False,VALID
UK160,VISTARA,BLR,BOM,BLR → BOM,2026-04-18 06:42:41.703,2026-04-18 10:58:41.703,2026-04-18,2026-04-18,6,10,Saturday,256.0,4.266666666666667,False,VALID
UK129,VISTARA,HYD,MAA,HYD → MAA,2026-04-18 06:29:41.702,2026-04-18 07:29:42.000,2026-04-18,2026-04-18,6,7,Saturday,60.00496666666666,1.0000827777777777,False,VALID
SJ230,SPICEJET,BOM,CCU,BOM → CCU,2026-04-18 06:22:41.704,2026-04-18 10:57:41.704,2026-04-18,2026-04-18,6,10,Saturday,275.0,4.583333333333333,False,VALID
SJ056,SPICEJET,HYD,DEL,HYD → DEL,2026-04-18 06:11:41.701,2026-04-18 07:10:41.701,2026-04-18,2026-04-18,6,7,Saturday,59.0,0.9833333333333333,False,VALID
SJ137,SPICEJET,CCU,DEL,CCU → DEL,2026-04-18 06:08:41.702,2026-04-18 10:14:41.702,2026-04-18,2026-04-18,6,10,Saturday,246.0,4.1,False,VALID
6F081,INDIGO,MAA,BLR,MAA → BLR,2026-04-18 06:04:41.702,2026-04-18 07:43:41.702,2026-04-18,2026-04-18,6,7,Saturday,99.0,1.65,False,VALID
6F088,INDIGO,CCU,BLR,CCU → BLR,2026-04-18 05:51:41.702,2026-04-18 08:22:41.702,2026-04-18,2026-04-18,5,8,Saturday,151.0,2.5166666666666666,False,VALID
6F121,INDIGO,HYD,MAA,HYD → MAA,2026-04-18 05:44:41.702,2026-04-18 10:42:41.702,2026-04-18,2026-04-18,5,10,Saturday,298.0,4.966666666666667,False,VALID
UK214,VISTARA,HYD,DEL,HYD → DEL,2026-04-18 05:30:41.704,2026-04-18 09:10:41.704,2026-04-18,2026-04-18,5,9,Saturday,220.0,3.6666666666666665,False,VALID
6F060,INDIGO,DEL,BLR,DEL → BLR,2026-04-18 05:29:41.701,2026-04-18 07:29:42.000,2026-04-18,2026-04-18,5,7,Saturday,120.00498333333333,2.0000830555555553,False,VALID
SJ101,SPICEJET,CCU,DEL,CCU → DEL,2026-04-18 05:17:41.702,2026-04-18 06:57:41.702,2026-04-18,2026-04-18,5,6,Saturday,100.0,1.6666666666666667,False,VALID
AI017,AIR INDIA,CCU,BOM,CCU → BOM,2026-04-18 05:15:41.701,2026-04-18 08:48:41.701,2026-04-18,2026-04-18,5,8,Saturday,213.0,3.55,False,VALID
6F120,INDIGO,BLR,BOM,BLR → BOM,2026-04-18 05:14:41.702,2026-04-18 06:14:41.702,2026-04-18,2026-04-18,5,6,Saturday,60.0,1.0,False,VALID
6F217,INDIGO,BLR,BOM,BLR → BOM,2026-04-18 05:13:41.704,2026-04-18 08:01:41.704,2026-04-18,2026-04-18,5,8,Saturday,168.0,2.8,False,VALID
AI194,AIR INDIA,MAA,BLR,MAA → BLR,2026-04-18 05:09:41.703,2026-04-18 09:38:41.703,2026-04-18,2026-04-18,5,9,Saturday,269.0,4.483333333333333,False,VALID
AI095,AIR INDIA,DEL,MAA,DEL → MAA,2026-04-18 05:00:41.702,2026-04-18 08:18:41.702,2026-04-18,2026-04-18,5,8,Saturday,198.0,3.3,False,VALID
SJ190,SPICEJET,BOM,CCU,BOM → CCU,2026-04-18 04:57:41.703,2026-04-18 09:25:41.703,2026-04-18,2026-04-18,4,9,Saturday,268.0,4.466666666666667,False,VALID
6F139,INDIGO,HYD,MAA,HYD → MAA,2026-04-18 04:55:41.702,2026-04-18 08:17:41.702,2026-04-18,2026-04-18,4,8,Saturday,202.0,3.3666666666666667,False,VALID
6F062,INDIGO,CCU,DEL,CCU → DEL,2026-04-18 04:55:41.701,2026-04-18 06:22:41.701,2026-04-18,2026-04-18,4,6,Saturday,87.0,1.45,False,VALID
UK011,VISTARA,CCU,DEL,CCU → DEL,2026-04-18 04:41:41.701,2026-04-18 06:25:41.701,2026-04-18,2026-04-18,4,6,Saturday,104.0,1.7333333333333334,False,VALID
6F100,INDIGO,BOM,BLR,BOM → BLR,2026-04-18 04:40:41.702,2026-04-18 07:49:41.702,2026-04-18,2026-04-18,4,7,Saturday,189.0,3.15,False,VALID
6F228,INDIGO,HYD,MAA,HYD → MAA,2026-04-18 04:36:41.704,2026-04-18 09:27:41.704,2026-04-18,2026-04-18,4,9,Saturday,291.0,4.85,False,VALID
UK033,VISTARA,HYD,DEL,HYD → DEL,2026-04-18 04:34:41.701,2026-04-18 09:18:41.701,2026-04-18,2026-04-18,4,9,Saturday,284.0,4.733333333333333,False,VALID
SJ231,SPICEJET,DEL,BLR,DEL → BLR,2026-04-18 04:23:41.704,2026-04-18 05:48:41.704,2026-04-18,2026-04-18,4,5,Saturday,85.0,1.4166666666666667,False,VALID
AI166,AIR INDIA,BOM,CCU,BOM → CCU,2026-04-18 04:20:41.703,2026-04-18 07:23:41.703,2026-04-18,2026-04-18,4,7,Saturday,183.0,3.05,False,VALID
SJ176,SPICEJET,DEL,BOM,DEL → BOM,2026-04-18 04:15:41.703,2026-04-18 06:17:41.703,2026-04-18,2026-04-18,4,6,Saturday,122.0,2.033333333333333,False,VALID
SJ065,SPICEJET,MAA,BLR,MAA → BLR,2026-04-18 04:10:41.701,2026-04-18 06:54:41.701,2026-04-18,2026-04-18,4,6,Saturday,164.0,2.7333333333333334,False,VALID
6F160,INDIGO,MAA,BLR,MAA → BLR,2026-04-18 04:09:41.703,2026-04-18 08:26:41.703,2026-04-18,2026-04-18,4,8,Saturday,257.0,4.283333333333333,False,VALID
AI089,AIR INDIA,CCU,BOM,CCU → BOM,2026-04-18 04:05:41.702,2026-04-18 04:47:41.702,2026-04-18,2026-04-18,4,4,Saturday,42.0,0.7,False,VALID
UK226,VISTARA,MAA,HYD,MAA → HYD,2026-04-18 03:58:41.704,2026-04-18 05:01:41.704,2026-04-18,2026-04-18,3,5,Saturday,63.0,1.05,False,VALID
SJ123,SPICEJET,BOM,CCU,BOM → CCU,2026-04-18 03:57:41.702,2026-04-18 05:25:41.702,2026-04-18,2026-04-18,3,5,Saturday,88.0,1.4666666666666666,False,VALID
AI054,AIR INDIA,HYD,CCU,HYD → CCU,2026-04-18 03:44:41.701,2026-04-18 08:10:41.701,2026-04-18,2026-04-18,3,8,Saturday,266.0,4.433333333333334,False,VALID
UK019,VISTARA,BOM,HYD,BOM → HYD,2026-04-18 03:41:41.701,2026-04-18 04:35:41.701,2026-04-18,2026-04-18,3,4,Saturday,54.0,0.9,False,VALID
UK032,VISTARA,BLR,BOM,BLR → BOM,2026-04-18 03:31:41.701,2026-04-18 07:28:41.701,2026-04-18,2026-04-18,3,7,Saturday,237.0,3.95,False,VALID
SJ100,SPICEJET,MAA,BLR,MAA → BLR,2026-04-18 03:28:41.702,2026-04-18 06:50:41.702,2026-04-18,2026-04-18,3,6,Saturday,202.0,3.3666666666666667,False,VALID
SJ094,SPICEJET,MAA,HYD,MAA → HYD,2026-04-18 03:23:41.702,2026-04-18 08:07:41.702,2026-04-18,2026-04-18,3,8,Saturday,284.0,4.733333333333333,False,VALID
6F101,INDIGO,BOM,MAA,BOM → MAA,2026-04-18 03:18:41.702,2026-04-18 08:15:41.702,2026-04-18,2026-04-18,3,8,Saturday,297.0,4.95,False,VALID
6F006,INDIGO,BOM,BLR,BOM → BLR,2026-04-18 03:06:41.701,2026-04-18 05:06:42.000,2026-04-18,2026-04-18,3,5,Saturday,120.00498333333333,2.0000830555555553,False,VALID
AI006,AIR INDIA,BOM,BLR,BOM → BLR,2026-04-18 03:04:41.701,2026-04-18 05:54:41.701,2026-04-18,2026-04-18,3,5,Saturday,170.0,2.8333333333333335,False,VALID
AI195,AIR INDIA,CCU,MAA,CCU → MAA,2026-04-18 02:58:41.703,2026-04-18 04:57:41.703,2026-04-18,2026-04-18,2,4,Saturday,119.0,1.9833333333333334,False,VALID
UK072,VISTARA,BOM,BLR,BOM → BLR,2026-04-18 02:55:41.702,2026-04-18 05:55:42.000,2026-04-18,2026-04-18,2,5,Saturday,180.0049666666667,3.000082777777778,False,VALID
AI244,AIR INDIA,BLR,BOM,BLR → BOM,2026-04-18 02:50:41.704,2026-04-18 03:25:41.704,2026-04-18,2026-04-18,2,3,Saturday,35.0,0.5833333333333334,False,VALID
SJ059,SPICEJET,CCU,DEL,CCU → DEL,2026-04-18 02:50:41.701,2026-04-18 04:06:41.701,2026-04-18,2026-04-18,2,4,Saturday,76.0,1.2666666666666666,False,VALID
SJ009,SPICEJET,CCU,BLR,CCU → BLR,2026-04-18 02:48:41.701,2026-04-18 04:23:41.701,2026-04-18,2026-04-18,2,4,Saturday,95.0,1.5833333333333333,False,VALID
AI121,AIR INDIA,HYD,MAA,HYD → MAA,2026-04-18 02:42:41.702,2026-04-18 06:11:41.702,2026-04-18,2026-04-18,2,6,Saturday,209.0,3.4833333333333334,False,VALID
6F265,UNKNOWN,DEL,HYD,DEL → HYD,2026-04-18 02:27:41.703,2026-04-18 03:24:41.703,2026-04-18,2026-04-18,2,3,Saturday,57.0,0.95,False,VALID
6F110,INDIGO,HYD,DEL,HYD → DEL,2026-04-18 02:27:41.702,2026-04-18 05:48:41.702,2026-04-18,2026-04-18,2,5,Saturday,201.0,3.35,False,VALID
UK018,VISTARA,BOM,CCU,BOM → CCU,2026-04-18 02:15:41.701,2026-04-18 04:08:41.701,2026-04-18,2026-04-18,2,4,Saturday,113.0,1.8833333333333333,False,VALID
6F072,INDIGO,BLR,CCU,BLR → CCU,2026-04-18 02:14:41.702,2026-04-18 03:11:41.702,2026-04-18,2026-04-18,2,3,Saturday,57.0,0.95,False,VALID
6F159,INDIGO,CCU,BOM,CCU → BOM,2026-04-18 02:08:41.703,2026-04-18 02:43:41.703,2026-04-18,2026-04-18,2,2,Saturday,35.0,0.5833333333333334,False,VALID
6F095,INDIGO,BLR,MAA,BLR → MAA,2026-04-18 01:53:41.702,2026-04-18 05:34:41.702,2026-04-18,2026-04-18,1,5,Saturday,221.0,3.683333333333333,False,VALID
SJ129,SPICEJET,CCU,BOM,CCU → BOM,2026-04-18 01:48:41.702,2026-04-18 05:48:41.702,2026-04-18,2026-04-18,1,5,Saturday,240.0,4.0,False,VALID
UK039,VISTARA,HYD,BOM,HYD → BOM,2026-04-18 01:40:41.701,2026-04-18 02:53:41.701,2026-04-18,2026-04-18,1,2,Saturday,73.0,1.2166666666666666,False,VALID
6F130,INDIGO,DEL,HYD,DEL → HYD,2026-04-18 01:27:41.702,2026-04-18 02:45:41.702,2026-04-18,2026-04-18,1,2,Saturday,78.0,1.3,False,VALID
6F247,INDIGO,DEL,HYD,DEL → HYD,2026-04-18 01:27:41.702,2026-04-18 02:45:41.702,2026-04-18,2026-04-18,1,2,Saturday,78.0,1.3,False,VALID
SJ233,SPICEJET,DEL,HYD,DEL → HYD,2026-04-18 01:18:41.704,2026-04-18 02:56:41.704,2026-04-18,2026-04-18,1,2,Saturday,98.0,1.6333333333333333,False,VALID
6F231,INDIGO,HYD,MAA,HYD → MAA,2026-04-18 01:16:41.704,2026-04-18 05:43:41.704,2026-04-18,2026-04-18,1,5,Saturday,267.0,4.45,False,VALID
AI125,UNKNOWN,CCU,DEL,CCU → DEL,2026-04-18 01:12:41.702,2026-04-18 04:51:41.702,2026-04-18,2026-04-18,1,4,Saturday,219.0,3.65,False,VALID
6F102,INDIGO,HYD,MAA,HYD → MAA,2026-04-18 01:10:41.702,2026-04-18 02:24:41.702,2026-04-18,2026-04-18,1,2,Saturday,74.0,1.2333333333333334,False,VALID
UK078,VISTARA,BOM,HYD,BOM → HYD,2026-04-18 01:03:41.702,2026-04-18 04:32:41.702,2026-04-18,2026-04-18,1,4,Saturday,209.0,3.4833333333333334,False,VALID
UK043,UNKNOWN,DEL,HYD,DEL → HYD,2026-04-18 00:48:41.701,2026-04-18 04:52:41.701,2026-04-18,2026-04-18,0,4,Saturday,244.0,4.066666666666666,False,VALID
AI144,AIR INDIA,MAA,BOM,MAA → BOM,2026-04-18 00:43:41.702,2026-04-18 03:36:41.702,2026-04-18,2026-04-18,0,3,Saturday,173.0,2.8833333333333333,False,VALID
UK054,VISTARA,BLR,BOM,BLR → BOM,2026-04-18 00:37:41.701,2026-04-18 05:30:41.701,2026-04-18,2026-04-18,0,5,Saturday,293.0,4.883333333333334,False,VALID
UK108,VISTARA,DEL,BLR,DEL → BLR,2026-04-18 00:28:41.702,2026-04-18 03:46:41.702,2026-04-18,2026-04-18,0,3,Saturday,198.0,3.3,False,VALID
6F008,INDIGO,DEL,BOM,DEL → BOM,2026-04-18 00:14:41.701,2026-04-18 04:59:41.701,2026-04-18,2026-04-18,0,4,Saturday,285.0,4.75,False,VALID
6F106,INDIGO,BOM,CCU,BOM → CCU,2026-04-18 00:10:41.702,2026-04-18 01:52:41.702,2026-04-18,2026-04-18,0,1,Saturday,102.0,1.7,False,VALID
AI203,AIR INDIA,BOM,CCU,BOM → CCU,2026-04-18 00:09:41.703,2026-04-18 02:56:41.703,2026-04-18,2026-04-18,0,2,Saturday,167.0,2.783333333333333,False,VALID
AI065,UNKNOWN,MAA,BLR,MAA → BLR,2026-04-18 00:09:41.701,2026-04-18 05:00:41.701,2026-04-18,2026-04-18,0,5,Saturday,291.0,4.85,False,VALID
UK053,VISTARA,BLR,BOM,BLR → BOM,2026-04-17 23:56:41.701,2026-04-18 02:46:41.701,2026-04-17,2026-04-18,23,2,Friday,170.0,2.8333333333333335,True,VALID
UK086,VISTARA,CCU,BLR,CCU → BLR,2026-04-17 23:55:41.702,2026-04-18 02:27:41.702,2026-04-17,2026-04-18,23,2,Friday,152.0,2.533333333333333,True,VALID
SJ223,SPICEJET,HYD,MAA,HYD → MAA,2026-04-17 23:54:41.703,2026-04-18 01:08:41.703,2026-04-17,2026-04-18,23,1,Friday,74.0,1.2333333333333334,True,VALID
6F069,INDIGO,MAA,BLR,MAA → BLR,2026-04-17 23:44:41.701,2026-04-18 03:17:41.701,2026-04-17,2026-04-18,23,3,Friday,213.0,3.55,True,VALID
6F032,INDIGO,DEL,BOM,DEL → BOM,2026-04-17 23:43:41.701,2026-04-18 02:22:41.701,2026-04-17,2026-04-18,23,2,Friday,159.0,2.65,True,VALID
UK178,VISTARA,DEL,BLR,DEL → BLR,2026-04-17 23:41:41.703,2026-04-18 04:09:41.703,2026-04-17,2026-04-18,23,4,Friday,268.0,4.466666666666667,True,VALID
6F108,INDIGO,DEL,HYD,DEL → HYD,2026-04-17 23:41:41.702,2026-04-18 03:23:41.702,2026-04-17,2026-04-18,23,3,Friday,222.0,3.7,True,VALID
UK147,VISTARA,CCU,DEL,CCU → DEL,2026-04-17 23:35:41.703,2026-04-18 02:55:41.703,2026-04-17,2026-04-18,23,2,Friday,200.0,3.3333333333333335,True,VALID
AI187,AIR INDIA,BLR,HYD,BLR → HYD,2026-04-17 23:32:41.703,2026-04-18 01:16:41.703,2026-04-17,2026-04-18,23,1,Friday,104.0,1.7333333333333334,True,VALID
UK213,VISTARA,BOM,CCU,BOM → CCU,2026-04-17 23:21:41.704,2026-04-18 01:01:41.704,2026-04-17,2026-04-18,23,1,Friday,100.0,1.6666666666666667,True,VALID
AI035,AIR INDIA,DEL,MAA,DEL → MAA,2026-04-17 23:17:41.701,2026-04-18 00:48:41.701,2026-04-17,2026-04-18,23,0,Friday,91.0,1.5166666666666666,True,VALID
UK186,VISTARA,BOM,BLR,BOM → BLR,2026-04-17 23:05:41.703,2026-04-18 02:22:41.703,2026-04-17,2026-04-18,23,2,Friday,197.0,3.283333333333333,True,VALID
6F045,INDIGO,BOM,HYD,BOM → HYD,2026-04-17 23:04:41.701,2026-04-18 03:38:41.701,2026-04-17,2026-04-18,23,3,Friday,274.0,4.566666666666666,True,VALID
UK025,VISTARA,DEL,BOM,DEL → BOM,2026-04-17 22:55:41.701,2026-04-18 02:47:41.701,2026-04-17,2026-04-18,22,2,Friday,232.0,3.8666666666666667,True,VALID
UK162,VISTARA,BOM,CCU,BOM → CCU,2026-04-17 22:47:41.703,2026-04-18 00:21:41.703,2026-04-17,2026-04-18,22,0,Friday,94.0,1.5666666666666667,True,VALID
AI157,AIR INDIA,BLR,CCU,BLR → CCU,2026-04-17 22:45:41.703,2026-04-18 01:33:41.703,2026-04-17,2026-04-18,22,1,Friday,168.0,2.8,True,VALID
6F096,INDIGO,MAA,BLR,MAA → BLR,2026-04-17 22:45:41.702,2026-04-18 02:58:41.702,2026-04-17,2026-04-18,22,2,Friday,253.0,4.216666666666667,True,VALID
SJ229,SPICEJET,CCU,DEL,CCU → DEL,2026-04-17 22:25:41.704,2026-04-18 00:27:41.704,2026-04-17,2026-04-18,22,0,Friday,122.0,2.033333333333333,True,VALID
AI214,AIR INDIA,CCU,DEL,CCU → DEL,2026-04-17 22:23:41.703,2026-04-18 02:49:41.703,2026-04-17,2026-04-18,22,2,Friday,266.0,4.433333333333334,True,VALID
6F205,INDIGO,HYD,BOM,HYD → BOM,2026-04-17 22:16:41.703,2026-04-18 00:02:41.703,2026-04-17,2026-04-18,22,0,Friday,106.0,1.7666666666666666,True,VALID
SJ157,SPICEJET,DEL,HYD,DEL → HYD,2026-04-17 22:11:41.703,2026-04-18 01:05:41.703,2026-04-17,2026-04-18,22,1,Friday,174.0,2.9,True,VALID
UK114,VISTARA,HYD,CCU,HYD → CCU,2026-04-17 22:10:41.702,2026-04-17 23:58:41.702,2026-04-17,2026-04-17,22,23,Friday,108.0,1.8,False,VALID
6F054,INDIGO,HYD,BLR,HYD → BLR,2026-04-17 22:00:41.701,2026-04-18 01:25:41.701,2026-04-17,2026-04-18,22,1,Friday,205.0,3.4166666666666665,True,VALID
6F216,INDIGO,BLR,DEL,BLR → DEL,2026-04-17 21:58:41.704,2026-04-18 02:51:41.704,2026-04-17,2026-04-18,21,2,Friday,293.0,4.883333333333334,True,VALID
AI231,AIR INDIA,DEL,HYD,DEL → HYD,2026-04-17 21:52:41.704,2026-04-17 23:51:41.704,2026-04-17,2026-04-17,21,23,Friday,119.0,1.9833333333333334,False,VALID
UK103,VISTARA,MAA,DEL,MAA → DEL,2026-04-17 21:52:41.702,2026-04-18 01:06:41.702,2026-04-17,2026-04-18,21,1,Friday,194.0,3.2333333333333334,True,VALID
AI066,AIR INDIA,HYD,MAA,HYD → MAA,2026-04-17 21:51:41.701,2026-04-18 00:11:41.701,2026-04-17,2026-04-18,21,0,Friday,140.0,2.3333333333333335,True,VALID
6F186,INDIGO,HYD,BOM,HYD → BOM,2026-04-17 21:48:41.703,2026-04-18 02:02:41.703,2026-04-17,2026-04-18,21,2,Friday,254.0,4.233333333333333,True,VALID
AI021,AIR INDIA,DEL,HYD,DEL → HYD,2026-04-17 21:39:41.701,2026-04-18 01:38:41.701,2026-04-17,2026-04-18,21,1,Friday,239.0,3.9833333333333334,True,VALID
AI113,AIR INDIA,CCU,HYD,CCU → HYD,2026-04-17 21:21:41.702,2026-04-17 23:51:41.702,2026-04-17,2026-04-17,21,23,Friday,150.0,2.5,False,VALID
SJ031,SPICEJET,DEL,BOM,DEL → BOM,2026-04-17 21:20:41.701,2026-04-17 22:29:41.701,2026-04-17,2026-04-17,21,22,Friday,69.0,1.15,False,VALID
UK217,VISTARA,MAA,CCU,MAA → CCU,2026-04-17 21:19:41.704,2026-04-17 22:14:41.704,2026-04-17,2026-04-17,21,22,Friday,55.0,0.9166666666666666,False,VALID
SJ120,SPICEJET,MAA,BLR,MAA → BLR,2026-04-17 21:19:41.702,2026-04-18 00:56:41.702,2026-04-17,2026-04-18,21,0,Friday,217.0,3.6166666666666667,True,VALID
UK180,VISTARA,CCU,MAA,CCU → MAA,2026-04-17 21:18:41.703,2026-04-17 23:29:41.703,2026-04-17,2026-04-17,21,23,Friday,131.0,2.183333333333333,False,VALID
UK180,VISTARA,CCU,MAA,CCU → MAA,2026-04-17 21:18:41.703,2026-04-17 23:29:41.703,2026-04-17,2026-04-17,21,23,Friday,131.0,2.183333333333333,False,VALID
6F242,INDIGO,BLR,MAA,BLR → MAA,2026-04-17 21:10:41.704,2026-04-18 01:04:41.704,2026-04-17,2026-04-18,21,1,Friday,234.0,3.9,True,VALID
UK080,VISTARA,BLR,MAA,BLR → MAA,2026-04-17 21:09:41.702,2026-04-17 22:29:41.702,2026-04-17,2026-04-17,21,22,Friday,80.0,1.3333333333333333,False,VALID
SJ124,SPICEJET,HYD,DEL,HYD → DEL,2026-04-17 21:05:41.702,2026-04-18 01:12:41.702,2026-04-17,2026-04-18,21,1,Friday,247.0,4.116666666666666,True,VALID
SJ115,SPICEJET,BOM,HYD,BOM → HYD,2026-04-17 21:05:41.702,2026-04-17 23:10:41.702,2026-04-17,2026-04-17,21,23,Friday,125.0,2.0833333333333335,False,VALID
AI081,AIR INDIA,CCU,BOM,CCU → BOM,2026-04-17 21:03:41.702,2026-04-17 22:51:41.702,2026-04-17,2026-04-17,21,22,Friday,108.0,1.8,False,VALID
AI142,AIR INDIA,BOM,DEL,BOM → DEL,2026-04-17 20:49:41.702,2026-04-17 23:03:41.702,2026-04-17,2026-04-17,20,23,Friday,134.0,2.2333333333333334,False,VALID
UK052,VISTARA,BLR,CCU,BLR → CCU,2026-04-17 20:48:41.701,2026-04-17 21:40:41.701,2026-04-17,2026-04-17,20,21,Friday,52.0,0.8666666666666667,False,VALID
UK014,VISTARA,HYD,MAA,HYD → MAA,2026-04-17 20:41:41.701,2026-04-17 22:06:41.701,2026-04-17,2026-04-17,20,22,Friday,85.0,1.4166666666666667,False,VALID
AI230,UNKNOWN,CCU,BLR,CCU → BLR,2026-04-17 20:37:41.704,2026-04-18 00:22:41.704,2026-04-17,2026-04-18,20,0,Friday,225.0,3.75,True,VALID
6F268,UNKNOWN,DEL,MAA,DEL → MAA,2026-04-17 20:29:41.701,2026-04-17 21:58:41.701,2026-04-17,2026-04-17,20,21,Friday,89.0,1.4833333333333334,False,VALID
AI124,AIR INDIA,CCU,HYD,CCU → HYD,2026-04-17 20:28:41.702,2026-04-18 00:00:41.702,2026-04-17,2026-04-18,20,0,Friday,212.0,3.533333333333333,True,VALID
6F082,INDIGO,BOM,BLR,BOM → BLR,2026-04-17 20:26:41.702,2026-04-17 22:26:41.702,2026-04-17,2026-04-17,20,22,Friday,120.0,2.0,False,VALID
SJ035,SPICEJET,CCU,DEL,CCU → DEL,2026-04-17 20:15:41.701,2026-04-17 21:15:42.000,2026-04-17,2026-04-17,20,21,Friday,60.004983333333335,1.0000830555555555,False,VALID
SJ095,SPICEJET,DEL,MAA,DEL → MAA,2026-04-17 20:09:41.702,2026-04-17 23:13:41.702,2026-04-17,2026-04-17,20,23,Friday,184.0,3.066666666666667,False,VALID
UK230,VISTARA,BLR,BOM,BLR → BOM,2026-04-17 20:02:41.704,2026-04-17 21:35:41.704,2026-04-17,2026-04-17,20,21,Friday,93.0,1.55,False,VALID
UK171,VISTARA,HYD,CCU,HYD → CCU,2026-04-17 19:59:41.703,2026-04-17 22:53:41.703,2026-04-17,2026-04-17,19,22,Friday,174.0,2.9,False,VALID
6F147,INDIGO,HYD,MAA,HYD → MAA,2026-04-17 19:57:41.703,2026-04-18 00:31:41.703,2026-04-17,2026-04-18,19,0,Friday,274.0,4.566666666666666,True,VALID
SJ212,UNKNOWN,MAA,BLR,MAA → BLR,2026-04-17 19:49:41.703,2026-04-17 21:44:41.703,2026-04-17,2026-04-17,19,21,Friday,115.0,1.9166666666666667,False,VALID
6F080,INDIGO,HYD,MAA,HYD → MAA,2026-04-17 19:47:41.702,2026-04-17 23:13:41.702,2026-04-17,2026-04-17,19,23,Friday,206.0,3.433333333333333,False,VALID
UK049,VISTARA,HYD,BOM,HYD → BOM,2026-04-17 19:47:41.701,2026-04-17 20:32:41.701,2026-04-17,2026-04-17,19,20,Friday,45.0,0.75,False,VALID
UK049,VISTARA,HYD,BOM,HYD → BOM,2026-04-17 19:47:41.701,2026-04-17 20:32:41.701,2026-04-17,2026-04-17,19,20,Friday,45.0,0.75,False,VALID
AI152,AIR INDIA,BLR,CCU,BLR → CCU,2026-04-17 19:21:41.703,2026-04-17 20:26:41.703,2026-04-17,2026-04-17,19,20,Friday,65.0,1.0833333333333333,False,VALID
AI162,AIR INDIA,MAA,DEL,MAA → DEL,2026-04-17 19:20:41.703,2026-04-17 22:40:41.703,2026-04-17,2026-04-17,19,22,Friday,200.0,3.3333333333333335,False,VALID
SJ037,SPICEJET,BLR,BOM,BLR → BOM,2026-04-17 19:14:41.701,2026-04-17 22:31:41.701,2026-04-17,2026-04-17,19,22,Friday,197.0,3.283333333333333,False,VALID
SJ037,SPICEJET,BLR,BOM,BLR → BOM,2026-04-17 19:14:41.701,2026-04-17 22:31:41.701,2026-04-17,2026-04-17,19,22,Friday,197.0,3.283333333333333,False,VALID
AI172,AIR INDIA,BOM,CCU,BOM → CCU,2026-04-17 19:08:41.703,2026-04-17 19:53:41.703,2026-04-17,2026-04-17,19,19,Friday,45.0,0.75,False,VALID
UK205,VISTARA,HYD,MAA,HYD → MAA,2026-04-17 18:57:41.703,2026-04-17 21:46:41.703,2026-04-17,2026-04-17,18,21,Friday,169.0,2.816666666666667,False,VALID
AI199,AIR INDIA,HYD,DEL,HYD → DEL,2026-04-17 18:47:41.703,2026-04-17 22:26:41.703,2026-04-17,2026-04-17,18,22,Friday,219.0,3.65,False,VALID
6F241,INDIGO,DEL,HYD,DEL → HYD,2026-04-17 18:27:41.704,2026-04-17 19:02:41.704,2026-04-17,2026-04-17,18,19,Friday,35.0,0.5833333333333334,False,VALID
SJ041,SPICEJET,CCU,HYD,CCU → HYD,2026-04-17 18:24:41.701,2026-04-17 22:59:41.701,2026-04-17,2026-04-17,18,22,Friday,275.0,4.583333333333333,False,VALID
AI064,AIR INDIA,BLR,MAA,BLR → MAA,2026-04-17 18:24:41.701,2026-04-17 20:07:41.701,2026-04-17,2026-04-17,18,20,Friday,103.0,1.7166666666666666,False,VALID
UK169,VISTARA,HYD,DEL,HYD → DEL,2026-04-17 18:12:41.703,2026-04-17 23:01:41.703,2026-04-17,2026-04-17,18,23,Friday,289.0,4.816666666666666,False,VALID
UK144,VISTARA,BOM,CCU,BOM → CCU,2026-04-17 18:07:41.703,2026-04-17 20:59:41.703,2026-04-17,2026-04-17,18,20,Friday,172.0,2.8666666666666667,False,VALID
AI118,AIR INDIA,HYD,MAA,HYD → MAA,2026-04-17 17:50:41.702,2026-04-17 19:59:41.702,2026-04-17,2026-04-17,17,19,Friday,129.0,2.15,False,VALID
SJ145,SPICEJET,BLR,HYD,BLR → HYD,2026-04-17 17:41:41.702,2026-04-17 20:38:41.702,2026-04-17,2026-04-17,17,20,Friday,177.0,2.95,False,VALID
SJ077,SPICEJET,BLR,MAA,BLR → MAA,2026-04-17 17:32:41.701,2026-04-17 19:40:41.701,2026-04-17,2026-04-17,17,19,Friday,128.0,2.1333333333333333,False,VALID
AI126,AIR INDIA,MAA,HYD,MAA → HYD,2026-04-17 17:26:41.702,2026-04-17 20:48:41.702,2026-04-17,2026-04-17,17,20,Friday,202.0,3.3666666666666667,False,VALID
SJ033,SPICEJET,HYD,DEL,HYD → DEL,2026-04-17 17:26:41.701,2026-04-17 18:51:41.701,2026-04-17,2026-04-17,17,18,Friday,85.0,1.4166666666666667,False,VALID
SJ180,SPICEJET,HYD,CCU,HYD → CCU,2026-04-17 17:12:41.703,2026-04-17 22:00:41.703,2026-04-17,2026-04-17,17,22,Friday,288.0,4.8,False,VALID
6F183,INDIGO,MAA,HYD,MAA → HYD,2026-04-17 17:08:41.703,2026-04-17 19:52:41.703,2026-04-17,2026-04-17,17,19,Friday,164.0,2.7333333333333334,False,VALID
AI145,UNKNOWN,DEL,BOM,DEL → BOM,2026-04-17 17:06:41.702,2026-04-17 21:31:41.702,2026-04-17,2026-04-17,17,21,Friday,265.0,4.416666666666667,False,VALID
6F089,INDIGO,DEL,HYD,DEL → HYD,2026-04-17 17:06:41.702,2026-04-17 19:10:41.702,2026-04-17,2026-04-17,17,19,Friday,124.0,2.066666666666667,False,VALID
6F207,INDIGO,BOM,HYD,BOM → HYD,2026-04-17 16:59:41.703,2026-04-17 21:00:41.703,2026-04-17,2026-04-17,16,21,Friday,241.0,4.016666666666667,False,VALID
AI229,AIR INDIA,HYD,MAA,HYD → MAA,2026-04-17 16:48:41.703,2026-04-17 18:40:41.703,2026-04-17,2026-04-17,16,18,Friday,112.0,1.8666666666666667,False,VALID
6F223,INDIGO,MAA,BLR,MAA → BLR,2026-04-17 16:47:41.704,2026-04-17 17:21:41.704,2026-04-17,2026-04-17,16,17,Friday,34.0,0.5666666666666667,False,VALID
6F116,INDIGO,MAA,CCU,MAA → CCU,2026-04-17 16:43:41.702,2026-04-17 19:02:41.702,2026-04-17,2026-04-17,16,19,Friday,139.0,2.316666666666667,False,VALID
SJ240,SPICEJET,BOM,HYD,BOM → HYD,2026-04-17 16:42:41.704,2026-04-17 20:21:41.704,2026-04-17,2026-04-17,16,20,Friday,219.0,3.65,False,VALID
SJ184,SPICEJET,CCU,DEL,CCU → DEL,2026-04-17 16:32:41.703,2026-04-17 21:00:41.703,2026-04-17,2026-04-17,16,21,Friday,268.0,4.466666666666667,False,VALID
AI087,AIR INDIA,MAA,DEL,MAA → DEL,2026-04-17 16:32:41.702,2026-04-17 20:30:41.702,2026-04-17,2026-04-17,16,20,Friday,238.0,3.966666666666667,False,VALID
UK148,VISTARA,HYD,BOM,HYD → BOM,2026-04-17 16:31:41.703,2026-04-17 18:43:41.703,2026-04-17,2026-04-17,16,18,Friday,132.0,2.2,False,VALID
AI210,AIR INDIA,BLR,BOM,BLR → BOM,2026-04-17 16:13:41.703,2026-04-17 18:50:41.703,2026-04-17,2026-04-17,16,18,Friday,157.0,2.6166666666666667,False,VALID
6F093,INDIGO,CCU,DEL,CCU → DEL,2026-04-17 16:09:41.702,2026-04-17 20:00:41.702,2026-04-17,2026-04-17,16,20,Friday,231.0,3.85,False,VALID
SJ080,SPICEJET,CCU,MAA,CCU → MAA,2026-04-17 16:04:41.702,2026-04-17 17:59:41.702,2026-04-17,2026-04-17,16,17,Friday,115.0,1.9166666666666667,False,VALID
SJ005,SPICEJET,DEL,MAA,DEL → MAA,2026-04-17 16:03:41.701,2026-04-17 17:24:41.701,2026-04-17,2026-04-17,16,17,Friday,81.0,1.35,False,VALID
6F040,INDIGO,HYD,CCU,HYD → CCU,2026-04-17 15:52:41.701,2026-04-17 20:33:41.701,2026-04-17,2026-04-17,15,20,Friday,281.0,4.683333333333334,False,VALID
AI212,AIR INDIA,DEL,CCU,DEL → CCU,2026-04-17 15:31:41.703,2026-04-17 20:13:41.703,2026-04-17,2026-04-17,15,20,Friday,282.0,4.7,False,VALID
AI154,AIR INDIA,HYD,MAA,HYD → MAA,2026-04-17 15:25:41.703,2026-04-17 19:16:41.703,2026-04-17,2026-04-17,15,19,Friday,231.0,3.85,False,VALID
6F239,INDIGO,CCU,BOM,CCU → BOM,2026-04-17 15:24:41.704,2026-04-17 17:37:41.704,2026-04-17,2026-04-17,15,17,Friday,133.0,2.216666666666667,False,VALID
UK199,VISTARA,BOM,CCU,BOM → CCU,2026-04-17 15:24:41.703,2026-04-17 18:55:41.703,2026-04-17,2026-04-17,15,18,Friday,211.0,3.5166666666666666,False,VALID
6F218,INDIGO,BLR,BOM,BLR → BOM,2026-04-17 15:16:41.704,2026-04-17 19:03:41.704,2026-04-17,2026-04-17,15,19,Friday,227.0,3.783333333333333,False,VALID
6F011,INDIGO,MAA,BLR,MAA → BLR,2026-04-17 15:16:41.701,2026-04-17 17:16:42.000,2026-04-17,2026-04-17,15,17,Friday,120.00498333333333,2.0000830555555553,False,VALID
UK106,VISTARA,BOM,CCU,BOM → CCU,2026-04-17 15:12:41.702,2026-04-17 17:23:41.702,2026-04-17,2026-04-17,15,17,Friday,131.0,2.183333333333333,False,VALID
UK030,VISTARA,CCU,DEL,CCU → DEL,2026-04-17 15:11:41.701,2026-04-17 19:38:41.701,2026-04-17,2026-04-17,15,19,Friday,267.0,4.45,False,VALID
6F090,INDIGO,HYD,BLR,HYD → BLR,2026-04-17 15:10:41.702,2026-04-17 19:22:41.702,2026-04-17,2026-04-17,15,19,Friday,252.0,4.2,False,VALID
AI184,AIR INDIA,BOM,CCU,BOM → CCU,2026-04-17 15:03:41.703,2026-04-17 17:03:42.000,2026-04-17,2026-04-17,15,17,Friday,120.00495,2.0000825,False,VALID
SJ232,SPICEJET,MAA,BLR,MAA → BLR,2026-04-17 15:02:41.704,2026-04-17 19:22:41.704,2026-04-17,2026-04-17,15,19,Friday,260.0,4.333333333333333,False,VALID
AI153,AIR INDIA,BOM,CCU,BOM → CCU,2026-04-17 15:02:41.703,2026-04-17 16:30:41.703,2026-04-17,2026-04-17,15,16,Friday,88.0,1.4666666666666666,False,VALID
UK101,VISTARA,DEL,HYD,DEL → HYD,2026-04-17 15:00:41.702,2026-04-17 17:43:41.702,2026-04-17,2026-04-17,15,17,Friday,163.0,2.716666666666667,False,VALID
6F200,INDIGO,HYD,DEL,HYD → DEL,2026-04-17 14:54:41.703,2026-04-17 19:41:41.703,2026-04-17,2026-04-17,14,19,Friday,287.0,4.783333333333333,False,VALID
6F162,INDIGO,CCU,BOM,CCU → BOM,2026-04-17 14:50:41.703,2026-04-17 17:44:41.703,2026-04-17,2026-04-17,14,17,Friday,174.0,2.9,False,VALID
SJ197,SPICEJET,HYD,BLR,HYD → BLR,2026-04-17 14:49:41.703,2026-04-17 17:33:41.703,2026-04-17,2026-04-17,14,17,Friday,164.0,2.7333333333333334,False,VALID
AI174,AIR INDIA,DEL,CCU,DEL → CCU,2026-04-17 14:45:41.703,2026-04-17 17:01:41.703,2026-04-17,2026-04-17,14,17,Friday,136.0,2.2666666666666666,False,VALID
UK090,VISTARA,HYD,MAA,HYD → MAA,2026-04-17 14:44:41.702,2026-04-17 17:24:41.702,2026-04-17,2026-04-17,14,17,Friday,160.0,2.6666666666666665,False,VALID
UK124,VISTARA,MAA,BLR,MAA → BLR,2026-04-17 14:35:41.702,2026-04-17 17:09:41.702,2026-04-17,2026-04-17,14,17,Friday,154.0,2.566666666666667,False,VALID
AI239,AIR INDIA,BOM,HYD,BOM → HYD,2026-04-17 14:33:41.704,2026-04-17 17:47:41.704,2026-04-17,2026-04-17,14,17,Friday,194.0,3.2333333333333334,False,VALID
UK002,VISTARA,CCU,MAA,CCU → MAA,2026-04-17 14:28:41.700,2026-04-17 19:20:41.700,2026-04-17,2026-04-17,14,19,Friday,292.0,4.866666666666666,False,VALID
SJ055,SPICEJET,HYD,MAA,HYD → MAA,2026-04-17 14:17:41.701,2026-04-17 17:56:41.701,2026-04-17,2026-04-17,14,17,Friday,219.0,3.65,False,VALID
UK132,VISTARA,BOM,DEL,BOM → DEL,2026-04-17 14:12:41.702,2026-04-17 16:19:41.702,2026-04-17,2026-04-17,14,16,Friday,127.0,2.1166666666666667,False,VALID
6F002,INDIGO,BLR,MAA,BLR → MAA,2026-04-17 14:11:41.700,2026-04-17 17:34:41.700,2026-04-17,2026-04-17,14,17,Friday,203.0,3.3833333333333333,False,VALID
UK005,VISTARA,BOM,MAA,BOM → MAA,2026-04-17 14:02:41.701,2026-04-17 18:14:41.701,2026-04-17,2026-04-17,14,18,Friday,252.0,4.2,False,VALID
6F258,UNKNOWN,BOM,DEL,BOM → DEL,2026-04-17 13:54:41.703,2026-04-17 16:49:41.703,2026-04-17,2026-04-17,13,16,Friday,175.0,2.9166666666666665,False,VALID
SJ244,SPICEJET,BLR,DEL,BLR → DEL,2026-04-17 13:51:41.704,2026-04-17 15:39:41.704,2026-04-17,2026-04-17,13,15,Friday,108.0,1.8,False,VALID
AI075,AIR INDIA,CCU,DEL,CCU → DEL,2026-04-17 13:51:41.702,2026-04-17 16:49:41.702,2026-04-17,2026-04-17,13,16,Friday,178.0,2.966666666666667,False,VALID
AI160,AIR INDIA,MAA,DEL,MAA → DEL,2026-04-17 13:41:41.703,2026-04-17 17:01:41.703,2026-04-17,2026-04-17,13,17,Friday,200.0,3.3333333333333335,False,VALID
UK091,VISTARA,CCU,BOM,CCU → BOM,2026-04-17 13:37:41.702,2026-04-17 17:31:41.702,2026-04-17,2026-04-17,13,17,Friday,234.0,3.9,False,VALID
UK195,VISTARA,HYD,BOM,HYD → BOM,2026-04-17 13:35:41.703,2026-04-17 16:35:41.703,2026-04-17,2026-04-17,13,16,Friday,180.0,3.0,False,VALID
6F044,INDIGO,DEL,HYD,DEL → HYD,2026-04-17 13:25:41.701,2026-04-17 17:36:41.701,2026-04-17,2026-04-17,13,17,Friday,251.0,4.183333333333334,False,VALID
6F248,INDIGO,DEL,HYD,DEL → HYD,2026-04-17 13:25:41.701,2026-04-17 17:36:41.701,2026-04-17,2026-04-17,13,17,Friday,251.0,4.183333333333334,False,VALID
6F204,INDIGO,DEL,CCU,DEL → CCU,2026-04-17 13:23:41.703,2026-04-17 16:04:41.703,2026-04-17,2026-04-17,13,16,Friday,161.0,2.683333333333333,False,VALID
SJ092,SPICEJET,BLR,MAA,BLR → MAA,2026-04-17 13:19:41.702,2026-04-17 17:56:41.702,2026-04-17,2026-04-17,13,17,Friday,277.0,4.616666666666666,False,VALID
AI119,AIR INDIA,MAA,BLR,MAA → BLR,2026-04-17 13:15:41.702,2026-04-17 15:57:41.702,2026-04-17,2026-04-17,13,15,Friday,162.0,2.7,False,VALID
AI151,AIR INDIA,MAA,HYD,MAA → HYD,2026-04-17 13:14:41.703,2026-04-17 14:10:41.703,2026-04-17,2026-04-17,13,14,Friday,56.0,0.9333333333333333,False,VALID
UK107,VISTARA,HYD,BOM,HYD → BOM,2026-04-17 13:09:41.702,2026-04-17 14:25:41.702,2026-04-17,2026-04-17,13,14,Friday,76.0,1.2666666666666666,False,VALID
SJ019,SPICEJET,BLR,DEL,BLR → DEL,2026-04-17 13:07:41.701,2026-04-17 15:56:41.701,2026-04-17,2026-04-17,13,15,Friday,169.0,2.816666666666667,False,VALID
AI052,AIR INDIA,CCU,MAA,CCU → MAA,2026-04-17 13:06:41.701,2026-04-17 15:42:41.701,2026-04-17,2026-04-17,13,15,Friday,156.0,2.6,False,VALID
SJ177,SPICEJET,BOM,CCU,BOM → CCU,2026-04-17 13:04:41.703,2026-04-17 17:37:41.703,2026-04-17,2026-04-17,13,17,Friday,273.0,4.55,False,VALID
6F215,INDIGO,DEL,BLR,DEL → BLR,2026-04-17 13:00:41.703,2026-04-17 17:30:41.703,2026-04-17,2026-04-17,13,17,Friday,270.0,4.5,False,VALID
AI223,AIR INDIA,BOM,CCU,BOM → CCU,2026-04-17 12:53:41.703,2026-04-17 14:42:41.703,2026-04-17,2026-04-17,12,14,Friday,109.0,1.8166666666666667,False,VALID
SJ069,SPICEJET,HYD,BLR,HYD → BLR,2026-04-17 12:53:41.701,2026-04-17 14:17:41.701,2026-04-17,2026-04-17,12,14,Friday,84.0,1.4,False,VALID
6F198,INDIGO,HYD,BLR,HYD → BLR,2026-04-17 12:40:41.703,2026-04-17 17:39:41.703,2026-04-17,2026-04-17,12,17,Friday,299.0,4.983333333333333,False,VALID
AI093,AIR INDIA,BOM,BLR,BOM → BLR,2026-04-17 12:35:41.702,2026-04-17 17:28:41.702,2026-04-17,2026-04-17,12,17,Friday,293.0,4.883333333333334,False,VALID
UK062,VISTARA,HYD,DEL,HYD → DEL,2026-04-17 12:33:41.701,2026-04-17 15:35:41.701,2026-04-17,2026-04-17,12,15,Friday,182.0,3.033333333333333,False,VALID
6F057,INDIGO,MAA,DEL,MAA → DEL,2026-04-17 12:32:41.701,2026-04-17 15:50:41.701,2026-04-17,2026-04-17,12,15,Friday,198.0,3.3,False,VALID
UK064,VISTARA,BOM,DEL,BOM → DEL,2026-04-17 12:25:41.701,2026-04-17 14:55:41.701,2026-04-17,2026-04-17,12,14,Friday,150.0,2.5,False,VALID
